,Clarity,IF,VVS1,VVS2,VS1,VS2,SI1,SI2,Size,Shape
0,D,-41,-41,-39,-41,-41,-41,-37,0.50-0.599,PEAR
1,E,-38,-39,-37,-38,-39,-38,-35,0.50-0.599,PEAR
2,F,-37,-36,-36,-37,-38,-36,-33,0.50-0.599,PEAR
3,G,-36,-35,-33,-33,-37,-34,-31,0.50-0.599,PEAR
4,H,-36,-35,-35,-35,-33,-33,-32,0.50-0.599,PEAR
5,I,-38,-37,-35,-34,-34,-32,-33,0.50-0.599,PEAR
6,J,,,,,,,,0.50-0.599,PEAR
7,K,,,,,,,,0.50-0.599,PEAR
8,L,,,,,,,,0.50-0.599,PEAR
9,M,,,,,,,,0.50-0.599,PEAR
10,D,-39,-42,-42,-40,-41,-40,-36,0.50-0.599,OVAL
11,E,-37,-40,-40,-38,-39,-39,-35,0.50-0.599,OVAL
12,F,-40,-40,-39,-40,-39,-38,-33,0.50-0.599,OVAL
13,G,-43,-42,-40,-39,-38,-36,-35,0.50-0.599,OVAL
14,H,-41,-44,-42,-42,-41,-38,-38,0.50-0.599,OVAL
15,I,-41,-42,-41,-40,-39,-37,-37,0.50-0.599,OVAL
16,J,,,,,,,,0.50-0.599,OVAL
17,K,,,,,,,,0.50-0.599,OVAL
18,L,,,,,,,,0.50-0.599,OVAL
19,M,,,,,,,,0.50-0.599,OVAL
20,D,-42,-44,-47,-46,-46,-42,-44,0.50-0.599,PRINCESS
21,E,-45,-46,-46,-44,-44,-46,-42,0.50-0.599,PRINCESS
22,F,-44,-44,-43,-43,-45,-45,-40,0.50-0.599,PRINCESS
23,G,-44,-41,-40,-40,-45,-44,-40,0.50-0.599,PRINCESS
24,H,-44,-45,-44,-43,-44,-42,-38,0.50-0.599,PRINCESS
25,I,-40,-43,-42,-41,-41,-37,-38,0.50-0.599,PRINCESS
26,J,,,,,,,,0.50-0.599,PRINCESS
27,K,,,,,,,,0.50-0.599,PRINCESS
28,L,,,,,,,,0.50-0.599,PRINCESS
29,M,,,,,,,,0.50-0.599,PRINCESS
30,D,-57,-60,-59,-58,-57,-52,-48,0.50-0.599,CUSHION
31,E,-57,-59,-58,-57,-56,-53,-47,0.50-0.599,CUSHION
32,F,-55,-59,-57,-57,-56,-53,-48,0.50-0.599,CUSHION
33,G,-59,-57,-55,-55,-56,-53,-46,0.50-0.599,CUSHION
34,H,-57,-58,-56,-56,-56,-52,-48,0.50-0.599,CUSHION
35,I,-57,-56,-58,-57,-56,-52,-49,0.50-0.599,CUSHION
36,J,,,,,,,,0.50-0.599,CUSHION
37,K,,,,,,,,0.50-0.599,CUSHION
38,L,,,,,,,,0.50-0.599,CUSHION
39,M,,,,,,,,0.50-0.599,CUSHION
40,D,-32,-33,-32,-30,-33,-32,-36,0.50-0.599,MARQUISE
41,E,-27,-30,-29,-28,-30,-28,-32,0.50-0.599,MARQUISE
42,F,-30,-30,-28,-28,-29,-30,-30,0.50-0.599,MARQUISE
43,G,-30,-30,-28,-27,-28,-28,-28,0.50-0.599,MARQUISE
44,H,-32,-33,-34,-33,-31,-28,-30,0.50-0.599,MARQUISE
45,I,-30,-30,-32,-31,-32,-33,-32,0.50-0.599,MARQUISE
46,J,,,,,,,,0.50-0.599,MARQUISE
47,K,,,,,,,,0.50-0.599,MARQUISE
48,L,,,,,,,,0.50-0.599,MARQUISE
49,M,,,,,,,,0.50-0.599,MARQUISE
50,D,-51,-50,-50,-48,-48,-50,-46,0.50-0.599,EMERALD
51,E,-51,-50,-48,-47,-52,-50,-45,0.50-0.599,EMERALD
52,F,-50,-49,-47,-47,-52,-50,-44,0.50-0.599,EMERALD
53,G,-50,-48,-46,-45,-52,-49,-44,0.50-0.599,EMERALD
54,H,-51,-54,-52,-51,-51,-47,-45,0.50-0.599,EMERALD
55,I,-49,-54,-53,-52,-51,-48,-50,0.50-0.599,EMERALD
56,J,,,,,,,,0.50-0.599,EMERALD
57,K,,,,,,,,0.50-0.599,EMERALD
58,L,,,,,,,,0.50-0.599,EMERALD
59,M,,,,,,,,0.50-0.599,EMERALD
60,D,-33,-30,-27,-29,-30,-31,-30,0.60-0.699,PEAR
61,E,-28,-27,-26,-25,-27,-26,-29,0.60-0.699,PEAR
62,F,-25,-26,-26,-25,-25,-27,-31,0.60-0.699,PEAR
63,G,-21,-24,-22,-22,-25,-26,-28,0.60-0.699,PEAR
64,H,-25,-24,-21,-25,-24,-24,-25,0.60-0.699,PEAR
65,I,-20,-21,-20,-24,-24,-24,-24,0.60-0.699,PEAR
66,J,,,,,,,,0.60-0.699,PEAR
67,K,,,,,,,,0.60-0.699,PEAR
68,L,,,,,,,,0.60-0.699,PEAR
69,M,,,,,,,,0.60-0.699,PEAR
70,D,-30,-30,-30,-27,-29,-26,-30,0.60-0.699,OVAL
71,E,-27,-32,-29,-27,-25,-26,-25,0.60-0.699,OVAL
72,F,-28,-30,-28,-27,-28,-25,-24,0.60-0.699,OVAL
73,G,-31,-30,-26,-28,-27,-25,-25,0.60-0.699,OVAL
74,H,-28,-27,-25,-25,-25,-23,-24,0.60-0.699,OVAL
75,I,-32,-32,-33,-32,-30,-28,-24,0.60-0.699,OVAL
76,J,,,,,,,,0.60-0.699,OVAL
77,K,,,,,,,,0.60-0.699,OVAL
78,L,,,,,,,,0.60-0.699,OVAL
79,M,,,,,,,,0.60-0.699,OVAL
80,D,-33,-34,-34,-34,-37,-28,-31,0.60-0.699,PRINCESS
81,E,-33,-35,-37,-38,-35,-37,-38,0.60-0.699,PRINCESS
82,F,-38,-36,-38,-37,-36,-35,-36,0.60-0.699,PRINCESS
83,G,-39,-36,-37,-36,-35,-36,-33,0.60-0.699,PRINCESS
84,H,-34,-38,-34,-33,-35,-34,-33,0.60-0.699,PRINCESS
85,I,-31,-32,-34,-33,-34,-28,-30,0.60-0.699,PRINCESS
86,J,,,,,,,,0.60-0.699,PRINCESS
87,K,,,,,,,,0.60-0.699,PRINCESS
88,L,,,,,,,,0.60-0.699,PRINCESS
89,M,,,,,,,,0.60-0.699,PRINCESS
90,D,-50,-50,-48,-49,-50,-47,-45,0.60-0.699,CUSHION
91,E,-45,-48,-46,-47,-47,-48,-43,0.60-0.699,CUSHION
92,F,-50,-50,-48,-48,-46,-47,-44,0.60-0.699,CUSHION
93,G,-48,-48,-48,-48,-48,-46,-45,0.60-0.699,CUSHION
94,H,-49,-49,-50,-49,-48,-45,-44,0.60-0.699,CUSHION
95,I,-45,-49,-50,-49,-48,-42,-43,0.60-0.699,CUSHION
96,J,,,,,,,,0.60-0.699,CUSHION
97,K,,,,,,,,0.60-0.699,CUSHION
98,L,,,,,,,,0.60-0.699,CUSHION
99,M,,,,,,,,0.60-0.699,CUSHION
100,D,-22,-23,-20,-21,-21,-23,-23,0.60-0.699,MARQUISE
101,E,-23,-23,-22,-22,-22,-22,-25,0.60-0.699,MARQUISE
102,F,-23,-22,-20,-20,-20,-23,-23,0.60-0.699,MARQUISE
103,G,-20,-20,-19,-20,-22,-21,-21,0.60-0.699,MARQUISE
104,H,-22,-20,-23,-22,-21,-23,-24,0.60-0.699,MARQUISE
105,I,-21,-20,-19,-18,-16,-18,-21,0.60-0.699,MARQUISE
106,J,,,,,,,,0.60-0.699,MARQUISE
107,K,,,,,,,,0.60-0.699,MARQUISE
108,L,,,,,,,,0.60-0.699,MARQUISE
109,M,,,,,,,,0.60-0.699,MARQUISE
110,D,-48,-46,-46,-44,-46,-44,-39,0.60-0.699,EMERALD
111,E,-48,-48,-46,-46,-46,-43,-41,0.60-0.699,EMERALD
112,F,-46,-48,-46,-46,-45,-42,-39,0.60-0.699,EMERALD
113,G,-48,-46,-43,-44,-44,-40,-41,0.60-0.699,EMERALD
114,H,-44,-45,-43,-42,-41,-38,-40,0.60-0.699,EMERALD
115,I,-40,-41,-40,-39,-37,-37,-37,0.60-0.699,EMERALD
116,J,,,,,,,,0.60-0.699,EMERALD
117,K,,,,,,,,0.60-0.699,EMERALD
118,L,,,,,,,,0.60-0.699,EMERALD
119,M,,,,,,,,0.60-0.699,EMERALD
120,D,-35,-32,-30,-28,-31,-38,-36,0.70-0.799,PEAR
121,E,-30,-31,-29,-28,-30,-36,-35,0.70-0.799,PEAR
122,F,-30,-28,-32,-31,-28,-35,-37,0.70-0.799,PEAR
123,G,-32,-32,-30,-28,-28,-31,-34,0.70-0.799,PEAR
124,H,-30,-33,-31,-30,-28,-32,-30,0.70-0.799,PEAR
125,I,-25,-27,-25,-24,-24,-28,-29,0.70-0.799,PEAR
126,J,,,,,,,,0.70-0.799,PEAR
127,K,,,,,,,,0.70-0.799,PEAR
128,L,,,,,,,,0.70-0.799,PEAR
129,M,,,,,,,,0.70-0.799,PEAR
130,D,-36,-31,-32,-33,-36,-37,-37,0.70-0.799,OVAL
131,E,-37,-34,-36,-35,-36,-35,-36,0.70-0.799,OVAL
132,F,-38,-40,-39,-37,-37,-35,-33,0.70-0.799,OVAL
133,G,-35,-37,-36,-34,-33,-33,-32,0.70-0.799,OVAL
134,H,-32,-34,-34,-34,-29,-30,-30,0.70-0.799,OVAL
135,I,-33,-32,-32,-29,-30,-29,-27,0.70-0.799,OVAL
136,J,-32,-31,-31,-30,-29,-29,-28,0.70-0.799,OVAL
137,K,,,,,,,,0.70-0.799,OVAL
138,L,,,,,,,,0.70-0.799,OVAL
139,M,,,,,,,,0.70-0.799,OVAL
140,D,-46,-44,-46,-46,-47,-44,-47,0.70-0.799,PRINCESS
141,E,-48,-47,-45,-45,-45,-46,-45,0.70-0.799,PRINCESS
142,F,-46,-46,-45,-45,-45,-46,-44,0.70-0.799,PRINCESS
143,G,-44,-44,-42,-43,-45,-43,-43,0.70-0.799,PRINCESS
144,H,-44,-43,-41,-39,-41,-42,-43,0.70-0.799,PRINCESS
145,I,-36,-38,-37,-37,-38,-38,-42,0.70-0.799,PRINCESS
146,J,,,,,,,,0.70-0.799,PRINCESS
147,K,,,,,,,,0.70-0.799,PRINCESS
148,L,,,,,,,,0.70-0.799,PRINCESS
149,M,,,,,,,,0.70-0.799,PRINCESS
150,D,-53,-50,-50,-52,-50,-49,-53,0.70-0.799,CUSHION
151,E,-49,-51,-51,-52,-53,-50,-55,0.70-0.799,CUSHION
152,F,-54,-53,-55,-55,-53,-51,-54,0.70-0.799,CUSHION
153,G,-53,-56,-57,-56,-53,-51,-53,0.70-0.799,CUSHION
154,H,-54,-53,-56,-55,-52,-48,-50,0.70-0.799,CUSHION
155,I,-53,-54,-52,-53,-52,-54,-50,0.70-0.799,CUSHION
156,J,,,,,,,,0.70-0.799,CUSHION
157,K,,,,,,,,0.70-0.799,CUSHION
158,L,,,,,,,,0.70-0.799,CUSHION
159,M,,,,,,,,0.70-0.799,CUSHION
160,D,-25,-30,-30,-30,-34,-35,-40,0.70-0.799,MARQUISE
161,E,-27,-28,-29,-30,-32,-33,-38,0.70-0.799,MARQUISE
162,F,-25,-25,-28,-29,-30,-33,-35,0.70-0.799,MARQUISE
163,G,-26,-26,-25,-25,-28,-30,-32,0.70-0.799,MARQUISE
164,H,-27,-26,-25,-25,-26,-31,-31,0.70-0.799,MARQUISE
165,I,-26,-33,-30,-27,-29,-26,-27,0.70-0.799,MARQUISE
166,J,,,,,,,,0.70-0.799,MARQUISE
167,K,,,,,,,,0.70-0.799,MARQUISE
168,L,,,,,,,,0.70-0.799,MARQUISE
169,M,,,,,,,,0.70-0.799,MARQUISE
170,D,-49,-54,-54,-52,-52,-53,-46,0.70-0.799,EMERALD
171,E,-48,-53,-52,-55,-53,-54,-51,0.70-0.799,EMERALD
172,F,-50,-55,-54,-56,-55,-52,-49,0.70-0.799,EMERALD
173,G,-53,-54,-53,-54,-52,-52,-46,0.70-0.799,EMERALD
174,H,-54,-52,-50,-51,-50,-49,-43,0.70-0.799,EMERALD
175,I,-45,-43,-42,-41,-43,-45,-48,0.70-0.799,EMERALD
176,J,-44,-45,-48,-47,-46,-45,-43,0.70-0.799,EMERALD
177,K,,,,,,,,0.70-0.799,EMERALD
178,L,,,,,,,,0.70-0.799,EMERALD
179,M,,,,,,,,0.70-0.799,EMERALD
180,D,-25,-24,-28,-27,-27,-27,-32,0.80-0.899,PEAR
181,E,-19,-21,-28,-27,-26,-27,-29,0.80-0.899,PEAR
182,F,-23,-20,-27,-28,-26,-25,-29,0.80-0.899,PEAR
183,G,-28,-24,-23,-24,-24,-25,-26,0.80-0.899,PEAR
184,H,-23,-21,-19,-20,-19,-21,-22,0.80-0.899,PEAR
185,I,-20,-21,-19,-17,-18,-20,-25,0.80-0.899,PEAR
186,J,,,,,,,,0.80-0.899,PEAR
187,K,,,,,,,,0.80-0.899,PEAR
188,L,,,,,,,,0.80-0.899,PEAR
189,M,,,,,,,,0.80-0.899,PEAR
190,D,-33,-30,-30,-32,-32,-31,-33,0.80-0.899,OVAL
191,E,-29,-30,-32,-34,-32,-32,-31,0.80-0.899,OVAL
192,F,-27,-32,-30,-32,-30,-29,-30,0.80-0.899,OVAL
193,G,-32,-29,-30,-29,-28,-24,-26,0.80-0.899,OVAL
194,H,-27,-28,-29,-30,-25,-25,-25,0.80-0.899,OVAL
195,I,-26,-25,-28,-25,-26,-22,-22,0.80-0.899,OVAL
196,J,-24,-25,-25,-26,-26,-24,-24,0.80-0.899,OVAL
197,K,,,,,,,,0.80-0.899,OVAL
198,L,,,,,,,,0.80-0.899,OVAL
199,M,,,,,,,,0.80-0.899,OVAL
200,D,-31,-30,-34,-38,-40,-42,-43,0.80-0.899,PRINCESS
201,E,-35,-39,-40,-41,-43,-40,-40,0.80-0.899,PRINCESS
202,F,-32,-40,-40,-41,-41,-38,-41,0.80-0.899,PRINCESS
203,G,-42,-40,-39,-38,-39,-38,-41,0.80-0.899,PRINCESS
204,H,-40,-42,-40,-38,-38,-34,-38,0.80-0.899,PRINCESS
205,I,-30,-32,-30,-31,-35,-36,-37,0.80-0.899,PRINCESS
206,J,0,0,0,0,0,0,0,0.80-0.899,PRINCESS
207,K,,,,,,,,0.80-0.899,PRINCESS
208,L,,,,,,,,0.80-0.899,PRINCESS
209,M,,,,,,,,0.80-0.899,PRINCESS
210,D,-40,-46,-46,-46,-46,-46,-51,0.80-0.899,CUSHION
211,E,-47,-47,-45,-47,-48,-46,-50,0.80-0.899,CUSHION
212,F,-47,-45,-44,-47,-46,-46,-48,0.80-0.899,CUSHION
213,G,-47,-45,-44,-49,-46,-46,-46,0.80-0.899,CUSHION
214,H,-48,-48,-49,-48,-44,-43,-46,0.80-0.899,CUSHION
215,I,-43,-45,-48,-46,-45,-45,-45,0.80-0.899,CUSHION
216,J,0,0,0,0,0,0,0,0.80-0.899,CUSHION
217,K,,,,,,,,0.80-0.899,CUSHION
218,L,,,,,,,,0.80-0.899,CUSHION
219,M,,,,,,,,0.80-0.899,CUSHION
220,D,-20,-24,-22,-22,-26,-23,-27,0.80-0.899,MARQUISE
221,E,-22,-21,-20,-23,-24,-23,-26,0.80-0.899,MARQUISE
222,F,-24,-20,-20,-21,-22,-26,-29,0.80-0.899,MARQUISE
223,G,-21,-21,-21,-20,-21,-23,-27,0.80-0.899,MARQUISE
224,H,-22,-23,-24,-22,-21,-22,-26,0.80-0.899,MARQUISE
225,I,-25,-27,-29,-26,-26,-24,-25,0.80-0.899,MARQUISE
226,J,0,0,0,0,0,0,0,0.80-0.899,MARQUISE
227,K,,,,,,,,0.80-0.899,MARQUISE
228,L,,,,,,,,0.80-0.899,MARQUISE
229,M,,,,,,,,0.80-0.899,MARQUISE
230,D,-40,-39,-42,-43,-43,-45,-45,0.80-0.899,EMERALD
231,E,-45,-47,-46,-49,-47,-48,-50,0.80-0.899,EMERALD
232,F,-47,-49,-48,-48,-48,-46,-48,0.80-0.899,EMERALD
233,G,-48,-47,-49,-48,-45,-43,-45,0.80-0.899,EMERALD
234,H,-46,-45,-45,-44,-40,-38,-42,0.80-0.899,EMERALD
235,I,-37,-37,-35,-35,-34,-36,-38,0.80-0.899,EMERALD
236,J,-37,-36,-37,-36,-35,-35,-38,0.80-0.899,EMERALD
237,K,,,,,,,,0.80-0.899,EMERALD
238,L,,,,,,,,0.80-0.899,EMERALD
239,M,,,,,,,,0.80-0.899,EMERALD
240,D,-41,-32,-30,-31,-30,-35,-39,0.90-0.979,PEAR
241,E,-33,-35,-33,-29,-33,-36,-37,0.90-0.979,PEAR
242,F,-29,-31,-28,-31,-32,-36,-35,0.90-0.979,PEAR
243,G,-23,-26,-25,-28,-29,-34,-33,0.90-0.979,PEAR
244,H,-27,-27,-27,-27,-29,-34,-34,0.90-0.979,PEAR
245,I,-29,-27,-25,-25,-30,-35,-39,0.90-0.979,PEAR
246,J,,,,,,,,0.90-0.979,PEAR
247,K,,,,,,,,0.90-0.979,PEAR
248,L,,,,,,,,0.90-0.979,PEAR
249,M,,,,,,,,0.90-0.979,PEAR
250,D,-37,-35,-38,-39,-35,-36,-40,0.90-0.979,OVAL
251,E,-29,-31,-37,-35,-34,-36,-39,0.90-0.979,OVAL
252,F,-23,-28,-33,-33,-32,-35,-37,0.90-0.979,OVAL
253,G,-25,-27,-30,-30,-32,-33,-35,0.90-0.979,OVAL
254,H,-30,-34,-36,-34,-33,-30,-36,0.90-0.979,OVAL
255,I,-32,-30,-29,-28,-33,-32,-37,0.90-0.979,OVAL
256,J,,,,,,,,0.90-0.979,OVAL
257,K,,,,,,,,0.90-0.979,OVAL
258,L,,,,,,,,0.90-0.979,OVAL
259,M,,,,,,,,0.90-0.979,OVAL
260,D,-35,-39,-40,-42,-40,-37,-49,0.90-0.979,PRINCESS
261,E,-43,-44,-45,-45,-46,-49,-51,0.90-0.979,PRINCESS
262,F,-47,-49,-49,-47,-47,-50,-51,0.90-0.979,PRINCESS
263,G,-52,-51,-50,-50,-49,-52,-52,0.90-0.979,PRINCESS
264,H,-50,-49,-48,-46,-44,-49,-50,0.90-0.979,PRINCESS
265,I,-43,-46,-44,-45,-46,-46,-49,0.90-0.979,PRINCESS
266,J,,,,,,,,0.90-0.979,PRINCESS
267,K,,,,,,,,0.90-0.979,PRINCESS
268,L,,,,,,,,0.90-0.979,PRINCESS
269,M,,,,,,,,0.90-0.979,PRINCESS
270,D,-48,-55,-53,-53,-54,-54,-50,0.90-0.979,CUSHION
271,E,-53,-54,-55,-52,-53,-54,-56,0.90-0.979,CUSHION
272,F,-51,-53,-54,-54,-56,-53,-56,0.90-0.979,CUSHION
273,G,-53,-55,-54,-55,-55,-52,-55,0.90-0.979,CUSHION
274,H,-49,-53,-53,-54,-55,-51,-52,0.90-0.979,CUSHION
275,I,-48,-55,-54,-53,-54,-52,-53,0.90-0.979,CUSHION
276,J,,,,,,,,0.90-0.979,CUSHION
277,K,,,,,,,,0.90-0.979,CUSHION
278,L,,,,,,,,0.90-0.979,CUSHION
279,M,,,,,,,,0.90-0.979,CUSHION
280,D,-20,-23,-20,-23,-23,-25,-28,0.90-0.979,MARQUISE
281,E,-28,-27,-25,-24,-28,-26,-32,0.90-0.979,MARQUISE
282,F,-30,-30,-30,-29,-29,-30,-30,0.90-0.979,MARQUISE
283,G,-31,-28,-27,-28,-31,-33,-35,0.90-0.979,MARQUISE
284,H,-32,-35,-33,-31,-31,-34,-32,0.90-0.979,MARQUISE
285,I,-34,-33,-31,-29,-27,-28,-29,0.90-0.979,MARQUISE
286,J,,,,,,,,0.90-0.979,MARQUISE
287,K,,,,,,,,0.90-0.979,MARQUISE
288,L,,,,,,,,0.90-0.979,MARQUISE
289,M,,,,,,,,0.90-0.979,MARQUISE
290,D,-50,-52,-50,-50,-47,-48,-50,0.90-0.979,EMERALD
291,E,-51,-53,-50,-51,-49,-48,-49,0.90-0.979,EMERALD
292,F,-50,-52,-50,-51,-50,-47,-52,0.90-0.979,EMERALD
293,G,-48,-49,-47,-50,-51,-49,-50,0.90-0.979,EMERALD
294,H,-46,-49,-48,-47,-49,-48,-48,0.90-0.979,EMERALD
295,I,-45,-47,-45,-44,-44,-47,-45,0.90-0.979,EMERALD
296,J,,,,,,,,0.90-0.979,EMERALD
297,K,,,,,,,,0.90-0.979,EMERALD
298,L,,,,,,,,0.90-0.979,EMERALD
299,M,,,,,,,,0.90-0.979,EMERALD
300,D,-38,-29,-27,-28,-27,-32,-36,0.98-0.999,PEAR
301,E,-30,-32,-30,-26,-30,-33,-34,0.98-0.999,PEAR
302,F,-26,-28,-25,-28,-29,-33,-32,0.98-0.999,PEAR
303,G,-20,-23,-22,-25,-26,-31,-30,0.98-0.999,PEAR
304,H,-24,-24,-24,-24,-26,-31,-31,0.98-0.999,PEAR
305,I,-26,-24,-22,-22,-27,-32,-36,0.98-0.999,PEAR
306,J,,,,,,,,0.98-0.999,PEAR
307,K,,,,,,,,0.98-0.999,PEAR
308,L,,,,,,,,0.98-0.999,PEAR
309,M,,,,,,,,0.98-0.999,PEAR
310,D,-34,-32,-35,-36,-32,-33,-37,0.98-0.999,OVAL
311,E,-26,-28,-34,-32,-31,-33,-36,0.98-0.999,OVAL
312,F,-20,-25,-30,-30,-29,-32,-34,0.98-0.999,OVAL
313,G,-22,-24,-27,-27,-29,-30,-32,0.98-0.999,OVAL
314,H,-27,-31,-33,-31,-30,-27,-33,0.98-0.999,OVAL
315,I,-29,-27,-26,-25,-30,-29,-34,0.98-0.999,OVAL
316,J,,,,,,,,0.98-0.999,OVAL
317,K,,,,,,,,0.98-0.999,OVAL
318,L,,,,,,,,0.98-0.999,OVAL
319,M,,,,,,,,0.98-0.999,OVAL
320,D,-32,-36,-37,-39,-37,-34,-46,0.98-0.999,PRINCESS
321,E,-40,-41,-42,-42,-43,-46,-48,0.98-0.999,PRINCESS
322,F,-44,-46,-46,-44,-44,-47,-48,0.98-0.999,PRINCESS
323,G,-49,-48,-47,-47,-46,-49,-49,0.98-0.999,PRINCESS
324,H,-47,-46,-45,-43,-41,-46,-47,0.98-0.999,PRINCESS
325,I,-40,-43,-41,-42,-43,-43,-46,0.98-0.999,PRINCESS
326,J,,,,,,,,0.98-0.999,PRINCESS
327,K,,,,,,,,0.98-0.999,PRINCESS
328,L,,,,,,,,0.98-0.999,PRINCESS
329,M,,,,,,,,0.98-0.999,PRINCESS
330,D,-45,-52,-50,-50,-51,-51,-47,0.98-0.999,CUSHION
331,E,-50,-51,-52,-49,-50,-51,-53,0.98-0.999,CUSHION
332,F,-48,-50,-51,-51,-53,-50,-53,0.98-0.999,CUSHION
333,G,-50,-52,-51,-52,-52,-49,-52,0.98-0.999,CUSHION
334,H,-46,-50,-50,-51,-52,-48,-49,0.98-0.999,CUSHION
335,I,-45,-52,-51,-50,-51,-49,-50,0.98-0.999,CUSHION
336,J,,,,,,,,0.98-0.999,CUSHION
337,K,,,,,,,,0.98-0.999,CUSHION
338,L,,,,,,,,0.98-0.999,CUSHION
339,M,,,,,,,,0.98-0.999,CUSHION
340,D,-19,-22,-19,-22,-22,-24,-27,0.98-0.999,MARQUISE
341,E,-27,-26,-24,-23,-27,-25,-31,0.98-0.999,MARQUISE
342,F,-29,-29,-29,-28,-28,-29,-29,0.98-0.999,MARQUISE
343,G,-30,-27,-26,-27,-30,-32,-34,0.98-0.999,MARQUISE
344,H,-31,-34,-32,-30,-30,-33,-31,0.98-0.999,MARQUISE
345,I,-33,-32,-30,-28,-26,-27,-28,0.98-0.999,MARQUISE
346,J,,,,,,,,0.98-0.999,MARQUISE
347,K,,,,,,,,0.98-0.999,MARQUISE
348,L,,,,,,,,0.98-0.999,MARQUISE
349,M,,,,,,,,0.98-0.999,MARQUISE
350,D,-47,-49,-47,-47,-44,-45,-47,0.98-0.999,EMERALD
351,E,-48,-50,-47,-48,-46,-45,-46,0.98-0.999,EMERALD
352,F,-47,-49,-47,-48,-47,-44,-49,0.98-0.999,EMERALD
353,G,-45,-46,-44,-47,-48,-46,-47,0.98-0.999,EMERALD
354,H,-43,-46,-45,-44,-46,-45,-45,0.98-0.999,EMERALD
355,I,-42,-44,-42,-41,-41,-44,-42,0.98-0.999,EMERALD
356,J,,,,,,,,0.98-0.999,EMERALD
357,K,,,,,,,,0.98-0.999,EMERALD
358,L,,,,,,,,0.98-0.999,EMERALD
359,M,,,,,,,,0.98-0.999,EMERALD
360,D,-42,-40,-35,-35,-35,-37,-40,1.00-1.099,PEAR
361,E,-32,-35,-33,-32,-33,-35,-39,1.00-1.099,PEAR
362,F,-31,-32,-33,-31,-32,-34,-38,1.00-1.099,PEAR
363,G,-30,-28,-28,-28,-30,-34,-37,1.00-1.099,PEAR
364,H,-28,-30,-28,-32,-32,-34,-37,1.00-1.099,PEAR
365,I,-26,-30,-29,-32,-32,-33,-32,1.00-1.099,PEAR
366,J,-33,-31,-29,-30,-30,-30,-34,1.00-1.099,PEAR
367,K,-30,-27,-27,-30,-33,-35,-38,1.00-1.099,PEAR
368,L,-31,-35,-32,-36,-34,-36,-39,1.00-1.099,PEAR
369,M,,,,,,,,1.00-1.099,PEAR
370,D,-43,-44,-42,-41,-37,-38,-40,1.00-1.099,OVAL
371,E,-38,-41,-42,-39,-36,-36,-39,1.00-1.099,OVAL
372,F,-33,-37,-39,-40,-36,-36,-36,1.00-1.099,OVAL
373,G,-33,-36,-36,-38,-37,-35,-40,1.00-1.099,OVAL
374,H,-28,-34,-35,-36,-35,-36,-42,1.00-1.099,OVAL
375,I,-34,-35,-35,-34,-36,-35,-39,1.00-1.099,OVAL
376,J,-30,-38,-37,-36,-40,-38,-41,1.00-1.099,OVAL
377,K,-37,-38,-42,-44,-45,-46,-43,1.00-1.099,OVAL
378,L,-33,-33,-35,-38,-43,-43,-44,1.00-1.099,OVAL
379,M,,,,,,,,1.00-1.099,OVAL
380,D,-43,-46,-44,-43,-43,-44,-47,1.00-1.099,PRINCESS
381,E,-44,-45,-46,-47,-43,-45,-46,1.00-1.099,PRINCESS
382,F,-40,-43,-46,-46,-43,-44,-44,1.00-1.099,PRINCESS
383,G,-39,-41,-42,-43,-43,-42,-43,1.00-1.099,PRINCESS
384,H,-40,-41,-39,-38,-38,-40,-42,1.00-1.099,PRINCESS
385,I,-35,-37,-37,-37,-36,-38,-40,1.00-1.099,PRINCESS
386,J,-41,-42,-41,-42,-41,-44,-45,1.00-1.099,PRINCESS
387,K,-39,-43,-41,-40,-39,-44,-48,1.00-1.099,PRINCESS
388,L,-36,-37,-38,-38,-36,-40,-42,1.00-1.099,PRINCESS
389,M,,,,,,,,1.00-1.099,PRINCESS
390,D,-52,-56,-55,-54,-54,-52,-52,1.00-1.099,CUSHION
391,E,-56,-58,-58,-57,-54,-54,-55,1.00-1.099,CUSHION
392,F,-56,-56,-56,-55,-56,-54,-53,1.00-1.099,CUSHION
393,G,-54,-55,-55,-57,-56,-55,-54,1.00-1.099,CUSHION
394,H,-50,-53,-53,-54,-53,-54,-52,1.00-1.099,CUSHION
395,I,-51,-55,-55,-55,-54,-54,-50,1.00-1.099,CUSHION
396,J,-53,-53,-53,-53,-52,-50,-49,1.00-1.099,CUSHION
397,K,-50,-49,-52,-51,-50,-49,-53,1.00-1.099,CUSHION
398,L,-48,-48,-48,-49,-46,-49,-48,1.00-1.099,CUSHION
399,M,,,,,,,,1.00-1.099,CUSHION
400,D,,,-31,-27,-26,-29,-33,1.00-1.099,MARQUISE
401,E,,,-27,-27,-27,-27,-31,1.00-1.099,MARQUISE
402,F,,,-24,-23,-25,-25,-30,1.00-1.099,MARQUISE
403,G,,-22,-22,-23,-24,-23,-29,1.00-1.099,MARQUISE
404,H,,-26,-26,-24,-24,-26,-28,1.00-1.099,MARQUISE
405,I,,-26,-24,-23,-23,-24,-27,1.00-1.099,MARQUISE
406,J,,-26,-24,-27,-26,-25,-28,1.00-1.099,MARQUISE
407,K,,-26,-25,-28,-30,-27,-30,1.00-1.099,MARQUISE
408,L,,-22,-25,-28,-25,-30,-31,1.00-1.099,MARQUISE
409,M,,,,,,,,1.00-1.099,MARQUISE
410,D,-53,-50,-52,-52,-48,-47,-51,1.00-1.099,EMERALD
411,E,-53,-54,-54,-53,-51,-52,-50,1.00-1.099,EMERALD
412,F,-54,-53,-52,-51,-50,-52,-50,1.00-1.099,EMERALD
413,G,-49,-50,-49,-49,-49,-51,-52,1.00-1.099,EMERALD
414,H,-48,-48,-47,-47,-46,-48,-50,1.00-1.099,EMERALD
415,I,-47,-49,-48,-48,-47,-47,-49,1.00-1.099,EMERALD
416,J,-49,-48,-47,-46,-46,-45,-46,1.00-1.099,EMERALD
417,K,-45,-45,-46,-45,-45,-45,-47,1.00-1.099,EMERALD
418,L,-43,-40,-41,-41,-41,-45,-44,1.00-1.099,EMERALD
419,M,,,,,,,,1.00-1.099,EMERALD
420,D,-46,-44,-39,-38,-38,-39,-42,1.10-1.199,PEAR
421,E,-36,-39,-37,-35,-36,-37,-41,1.10-1.199,PEAR
422,F,-35,-36,-37,-34,-35,-36,-40,1.10-1.199,PEAR
423,G,-34,-32,-32,-31,-33,-36,-39,1.10-1.199,PEAR
424,H,-32,-34,-32,-35,-35,-36,-39,1.10-1.199,PEAR
425,I,-30,-34,-33,-35,-35,-35,-34,1.10-1.199,PEAR
426,J,-37,-35,-33,-33,-33,-32,-36,1.10-1.199,PEAR
427,K,-34,-31,-31,-33,-36,-37,-40,1.10-1.199,PEAR
428,L,-35,-39,-36,-39,-37,-38,-41,1.10-1.199,PEAR
429,M,,,,,,,,1.10-1.199,PEAR
430,D,-47,-48,-46,-44,-40,-40,-42,1.10-1.199,OVAL
431,E,-42,-45,-46,-42,-39,-38,-41,1.10-1.199,OVAL
432,F,-37,-41,-43,-43,-39,-38,-38,1.10-1.199,OVAL
433,G,-37,-40,-40,-41,-40,-37,-42,1.10-1.199,OVAL
434,H,-32,-38,-39,-39,-38,-38,-44,1.10-1.199,OVAL
435,I,-38,-39,-39,-37,-39,-37,-41,1.10-1.199,OVAL
436,J,-34,-42,-41,-39,-43,-40,-43,1.10-1.199,OVAL
437,K,-41,-42,-46,-47,-48,-48,-45,1.10-1.199,OVAL
438,L,-37,-37,-39,-41,-46,-45,-46,1.10-1.199,OVAL
439,M,,,,,,,,1.10-1.199,OVAL
440,D,-47,-50,-48,-46,-46,-46,-49,1.10-1.199,PRINCESS
441,E,-48,-49,-50,-50,-46,-47,-48,1.10-1.199,PRINCESS
442,F,-44,-47,-50,-49,-46,-46,-46,1.10-1.199,PRINCESS
443,G,-43,-45,-46,-46,-46,-44,-45,1.10-1.199,PRINCESS
444,H,-44,-45,-43,-41,-41,-42,-44,1.10-1.199,PRINCESS
445,I,-39,-41,-41,-40,-39,-40,-42,1.10-1.199,PRINCESS
446,J,-45,-46,-45,-45,-44,-46,-47,1.10-1.199,PRINCESS
447,K,-43,-47,-45,-43,-42,-46,-50,1.10-1.199,PRINCESS
448,L,-40,-41,-42,-41,-39,-42,-44,1.10-1.199,PRINCESS
449,M,,,,,,,,1.10-1.199,PRINCESS
450,D,-56,-60,-59,-57,-57,-54,-54,1.10-1.199,CUSHION
451,E,-60,-62,-62,-60,-57,-56,-57,1.10-1.199,CUSHION
452,F,-60,-60,-60,-58,-59,-56,-55,1.10-1.199,CUSHION
453,G,-58,-59,-59,-60,-59,-57,-56,1.10-1.199,CUSHION
454,H,-54,-57,-57,-57,-56,-56,-54,1.10-1.199,CUSHION
455,I,-55,-59,-59,-58,-57,-56,-52,1.10-1.199,CUSHION
456,J,-57,-57,-57,-56,-55,-52,-51,1.10-1.199,CUSHION
457,K,-54,-53,-56,-54,-53,-51,-55,1.10-1.199,CUSHION
458,L,-52,-52,-52,-52,-49,-51,-50,1.10-1.199,CUSHION
459,M,,,,,,,,1.10-1.199,CUSHION
460,D,,,-34,-29,-28,-31,-35,1.10-1.199,MARQUISE
461,E,,,-30,-29,-29,-29,-33,1.10-1.199,MARQUISE
462,F,,,-27,-25,-27,-27,-32,1.10-1.199,MARQUISE
463,G,,-25,-25,-25,-26,-25,-31,1.10-1.199,MARQUISE
464,H,,-29,-29,-26,-26,-28,-30,1.10-1.199,MARQUISE
465,I,,-29,-27,-25,-25,-26,-29,1.10-1.199,MARQUISE
466,J,,-29,-27,-29,-28,-27,-30,1.10-1.199,MARQUISE
467,K,,-29,-28,-30,-32,-29,-32,1.10-1.199,MARQUISE
468,L,,-25,-28,-30,-27,-32,-33,1.10-1.199,MARQUISE
469,M,,,,,,,,1.10-1.199,MARQUISE
470,D,-57,-54,-56,-55,-51,-49,-53,1.10-1.199,EMERALD
471,E,-57,-58,-58,-56,-54,-54,-52,1.10-1.199,EMERALD
472,F,-58,-57,-56,-54,-53,-54,-52,1.10-1.199,EMERALD
473,G,-53,-54,-53,-52,-52,-53,-54,1.10-1.199,EMERALD
474,H,-52,-52,-51,-50,-49,-50,-52,1.10-1.199,EMERALD
475,I,-51,-53,-52,-51,-50,-49,-51,1.10-1.199,EMERALD
476,J,-53,-52,-51,-49,-49,-47,-48,1.10-1.199,EMERALD
477,K,-49,-49,-50,-48,-48,-47,-49,1.10-1.199,EMERALD
478,L,-47,-44,-45,-44,-44,-47,-46,1.10-1.199,EMERALD
479,M,,,,,,,,1.10-1.199,EMERALD
480,D,-22,-18,-18,-15,-18,-15,-20,1.20-1.299,PEAR
481,E,-18,-18,-21,-19,-17,-17,-20,1.20-1.299,PEAR
482,F,-15,-15,-18,-15,-14,-18,-22,1.20-1.299,PEAR
483,G,-11,-13,-11,-11,-12,-19,-20,1.20-1.299,PEAR
484,H,-13,-15,-14,-14,-11,-20,-23,1.20-1.299,PEAR
485,I,-18,-16,-18,-17,-18,-20,-19,1.20-1.299,PEAR
486,J,-19,-16,-17,-15,-17,-17,-21,1.20-1.299,PEAR
487,K,-20,-20,-20,-22,-25,-22,-20,1.20-1.299,PEAR
488,L,-23,-20,-20,-20,-24,-24,-22,1.20-1.299,PEAR
489,M,,,,,,,,1.20-1.299,PEAR
490,D,-20,-21,-22,-20,-20,-19,-20,1.20-1.299,OVAL
491,E,-22,-21,-21,-20,-19,-19,-18,1.20-1.299,OVAL
492,F,-20,-21,-20,-19,-18,-17,-17,1.20-1.299,OVAL
493,G,-20,-18,-19,-18,-21,-15,-15,1.20-1.299,OVAL
494,H,-19,-18,-17,-20,-17,-17,-16,1.20-1.299,OVAL
495,I,-16,-18,-18,-18,-18,-21,-21,1.20-1.299,OVAL
496,J,-24,-26,-28,-29,-28,-25,-27,1.20-1.299,OVAL
497,K,-30,-33,-34,-33,-32,-30,-28,1.20-1.299,OVAL
498,L,-25,-30,-32,-32,-33,-35,-35,1.20-1.299,OVAL
499,M,,,,,,,,1.20-1.299,OVAL
500,D,-33,-32,-28,-25,-25,-28,-29,1.20-1.299,PRINCESS
501,E,-32,-27,-27,-31,-33,-31,-34,1.20-1.299,PRINCESS
502,F,-29,-28,-28,-28,-31,-31,-31,1.20-1.299,PRINCESS
503,G,-28,-31,-31,-32,-33,-33,-35,1.20-1.299,PRINCESS
504,H,-28,-32,-35,-33,-33,-30,-32,1.20-1.299,PRINCESS
505,I,-27,-27,-29,-30,-28,-27,-27,1.20-1.299,PRINCESS
506,J,-30,-30,-32,-30,-31,-28,-30,1.20-1.299,PRINCESS
507,K,-27,-27,-25,-25,-25,-27,-27,1.20-1.299,PRINCESS
508,L,-27,-29,-31,-31,-31,-31,-31,1.20-1.299,PRINCESS
509,M,,,,,,,,1.20-1.299,PRINCESS
510,D,-45,-37,-38,-37,-38,-40,-36,1.20-1.299,CUSHION
511,E,-35,-33,-36,-40,-38,-42,-40,1.20-1.299,CUSHION
512,F,-40,-38,-35,-37,-41,-40,-43,1.20-1.299,CUSHION
513,G,-40,-42,-42,-41,-39,-40,-41,1.20-1.299,CUSHION
514,H,-38,-38,-40,-39,-37,-40,-42,1.20-1.299,CUSHION
515,I,-43,-41,-40,-44,-47,-44,-42,1.20-1.299,CUSHION
516,J,-37,-38,-38,-39,-41,-42,-45,1.20-1.299,CUSHION
517,K,-37,-38,-40,-39,-40,-37,-38,1.20-1.299,CUSHION
518,L,-40,-38,-38,-38,-37,-46,-47,1.20-1.299,CUSHION
519,M,,,,,,,,1.20-1.299,CUSHION
520,D,,,-24,-23,-21,-21,-22,1.20-1.299,MARQUISE
521,E,,,-22,-20,-20,-21,-22,1.20-1.299,MARQUISE
522,F,,,-20,-19,-20,-21,-23,1.20-1.299,MARQUISE
523,G,,-19,-20,-20,-20,-20,-22,1.20-1.299,MARQUISE
524,H,,-22,-20,-19,-19,-21,-24,1.20-1.299,MARQUISE
525,I,,-21,-20,-20,-19,-22,-21,1.20-1.299,MARQUISE
526,J,,-24,-23,-22,-22,-22,-22,1.20-1.299,MARQUISE
527,K,,-24,-23,-23,-26,-24,-25,1.20-1.299,MARQUISE
528,L,,-24,-23,-24,-26,-29,-25,1.20-1.299,MARQUISE
529,M,,,,,,,,1.20-1.299,MARQUISE
530,D,-40,-34,-35,-32,-30,-33,-42,1.20-1.299,EMERALD
531,E,-43,-39,-35,-32,-31,-35,-41,1.20-1.299,EMERALD
532,F,-38,-35,-33,-32,-30,-33,-40,1.20-1.299,EMERALD
533,G,-30,-33,-35,-34,-36,-34,-39,1.20-1.299,EMERALD
534,H,-33,-31,-30,-34,-35,-32,-36,1.20-1.299,EMERALD
535,I,-28,-25,-27,-33,-35,-35,-33,1.20-1.299,EMERALD
536,J,-30,-34,-32,-30,-35,-36,-40,1.20-1.299,EMERALD
537,K,-28,-28,-29,-31,-30,-32,-33,1.20-1.299,EMERALD
538,L,-30,-30,-29,-29,-32,-33,-30,1.20-1.299,EMERALD
539,M,,,,,,,,1.20-1.299,EMERALD
540,D,-20,-15,-13,-12,-12,-12,-14,1.30-1.399,PEAR
541,E,-12,-12,-14,-15,-12,-10,-12,1.30-1.399,PEAR
542,F,-13,-10,-10,-11,-10,-10,-12,1.30-1.399,PEAR
543,G,-10,-9,-9,-10,-9,-11,-14,1.30-1.399,PEAR
544,H,-10,-10,-10,-10,-10,-11,-13,1.30-1.399,PEAR
545,I,-12,-10,-8,-8,-7,-10,-11,1.30-1.399,PEAR
546,J,-15,-13,-13,-12,-12,-10,-11,1.30-1.399,PEAR
547,K,-18,-17,-17,-17,-17,-17,-19,1.30-1.399,PEAR
548,L,-17,-17,-17,-17,-16,-17,-19,1.30-1.399,PEAR
549,M,,,,,,,,1.30-1.399,PEAR
550,D,-18,-16,-13,-12,-12,-11,-13,1.30-1.399,OVAL
551,E,-15,-14,-16,-17,-17,-11,-12,1.30-1.399,OVAL
552,F,-13,-13,-10,-13,-15,-11,-10,1.30-1.399,OVAL
553,G,-12,-10,-9,-10,-12,-10,-12,1.30-1.399,OVAL
554,H,-12,-10,-8,-8,-8,-10,-9,1.30-1.399,OVAL
555,I,-12,-12,-12,-12,-10,-11,-9,1.30-1.399,OVAL
556,J,-15,-15,-13,-13,-15,-14,-15,1.30-1.399,OVAL
557,K,-14,-10,-12,-13,-15,-12,-16,1.30-1.399,OVAL
558,L,-16,-18,-22,-24,-22,-25,-27,1.30-1.399,OVAL
559,M,,,,,,,,1.30-1.399,OVAL
560,D,-25,-24,-23,-20,-21,-23,-21,1.30-1.399,PRINCESS
561,E,-22,-19,-18,-18,-20,-20,-22,1.30-1.399,PRINCESS
562,F,-23,-22,-23,-22,-20,-21,-20,1.30-1.399,PRINCESS
563,G,-21,-20,-21,-19,-18,-21,-22,1.30-1.399,PRINCESS
564,H,-22,-20,-18,-17,-18,-20,-25,1.30-1.399,PRINCESS
565,I,-20,-21,-19,-18,-18,-18,-21,1.30-1.399,PRINCESS
566,J,-20,-22,-20,-18,-18,-18,-19,1.30-1.399,PRINCESS
567,K,-21,-18,-17,-19,-20,-21,-21,1.30-1.399,PRINCESS
568,L,-22,-21,-20,-20,-20,-20,-21,1.30-1.399,PRINCESS
569,M,,,,,,,,1.30-1.399,PRINCESS
570,D,-29,-27,-30,-28,-24,-23,-26,1.30-1.399,CUSHION
571,E,-30,-25,-25,-28,-28,-27,-30,1.30-1.399,CUSHION
572,F,-33,-29,-29,-27,-28,-28,-28,1.30-1.399,CUSHION
573,G,-30,-30,-28,-28,-30,-32,-30,1.30-1.399,CUSHION
574,H,-31,-30,-28,-27,-27,-31,-31,1.30-1.399,CUSHION
575,I,-31,-30,-29,-28,-27,-32,-34,1.30-1.399,CUSHION
576,J,-31,-34,-35,-33,-31,-29,-32,1.30-1.399,CUSHION
577,K,-31,-32,-30,-29,-30,-28,-28,1.30-1.399,CUSHION
578,L,-30,-29,-28,-29,-28,-29,-28,1.30-1.399,CUSHION
579,M,,,,,,,,1.30-1.399,CUSHION
580,D,,,-20,-19,-17,-17,-20,1.30-1.399,MARQUISE
581,E,,,-16,-16,-16,-17,-18,1.30-1.399,MARQUISE
582,F,,,-16,-15,-16,-17,-19,1.30-1.399,MARQUISE
583,G,,-17,-17,-17,-16,-16,-17,1.30-1.399,MARQUISE
584,H,,-18,-16,-15,-18,-19,-20,1.30-1.399,MARQUISE
585,I,,-17,-16,-16,-14,-18,-19,1.30-1.399,MARQUISE
586,J,,-20,-19,-18,-18,-18,-18,1.30-1.399,MARQUISE
587,K,,-20,-19,-18,-19,-21,-21,1.30-1.399,MARQUISE
588,L,,-20,-19,-18,-18,-19,-21,1.30-1.399,MARQUISE
589,M,,,,,,,,1.30-1.399,MARQUISE
590,D,-30,-28,-26,-23,-22,-23,-23,1.30-1.399,EMERALD
591,E,-24,-23,-24,-25,-27,-25,-28,1.30-1.399,EMERALD
592,F,-29,-25,-26,-24,-25,-25,-25,1.30-1.399,EMERALD
593,G,-23,-24,-24,-22,-23,-26,-23,1.30-1.399,EMERALD
594,H,-23,-22,-21,-23,-21,-21,-20,1.30-1.399,EMERALD
595,I,-23,-22,-24,-23,-25,-27,-22,1.30-1.399,EMERALD
596,J,-21,-21,-28,-26,-25,-23,-25,1.30-1.399,EMERALD
597,K,-22,-23,-25,-22,-24,-24,-24,1.30-1.399,EMERALD
598,L,-23,-22,-21,-21,-21,-25,-25,1.30-1.399,EMERALD
599,M,,,,,,,,1.30-1.399,EMERALD
600,D,-12,-8,-6,-5,-5,-8,-10,1.40-1.499,PEAR
601,E,-11,-8,-5,-5,-8,-9,-11,1.40-1.499,PEAR
602,F,-10,-7,-5,-4,-6,-7,-9,1.40-1.499,PEAR
603,G,-9,-7,-5,-4,-4,-7,-9,1.40-1.499,PEAR
604,H,-9,-6,-5,-5,-6,-6,-8,1.40-1.499,PEAR
605,I,-7,-6,-4,-3,-3,-7,-10,1.40-1.499,PEAR
606,J,-7,-9,-9,-8,-9,-8,-9,1.40-1.499,PEAR
607,K,-10,-12,-11,-12,-10,-10,-10,1.40-1.499,PEAR
608,L,-11,-9,-10,-9,-10,-12,-14,1.40-1.499,PEAR
609,M,,,,,,,,1.40-1.499,PEAR
610,D,-14,-14,-12,-11,-10,-10,-10,1.40-1.499,OVAL
611,E,-12,-12,-12,-10,-12,-9,-10,1.40-1.499,OVAL
612,F,-11,-12,-8,-9,-9,-8,-9,1.40-1.499,OVAL
613,G,-10,-8,-6,-6,-6,-7,-7,1.40-1.499,OVAL
614,H,-8,-8,-6,-6,-3,-6,-6,1.40-1.499,OVAL
615,I,-8,-8,-8,-7,-6,-6,-6,1.40-1.499,OVAL
616,J,-13,-13,-11,-12,-14,-11,-14,1.40-1.499,OVAL
617,K,-11,-9,-11,-10,-11,-10,-12,1.40-1.499,OVAL
618,L,-14,-12,-12,-16,-17,-15,-14,1.40-1.499,OVAL
619,M,,,,,,,,1.40-1.499,OVAL
620,D,-22,-20,-18,-16,-13,-13,-13,1.40-1.499,PRINCESS
621,E,-19,-18,-17,-15,-15,-17,-17,1.40-1.499,PRINCESS
622,F,-19,-18,-16,-16,-15,-16,-19,1.40-1.499,PRINCESS
623,G,-18,-17,-16,-14,-16,-15,-17,1.40-1.499,PRINCESS
624,H,-18,-17,-15,-15,-14,-18,-18,1.40-1.499,PRINCESS
625,I,-16,-20,-18,-17,-15,-14,-17,1.40-1.499,PRINCESS
626,J,-17,-16,-16,-15,-16,-15,-17,1.40-1.499,PRINCESS
627,K,-18,-17,-16,-17,-19,-17,-18,1.40-1.499,PRINCESS
628,L,-19,-18,-17,-17,-17,-16,-17,1.40-1.499,PRINCESS
629,M,,,,,,,,1.40-1.499,PRINCESS
630,D,-28,-26,-25,-23,-23,-22,-25,1.40-1.499,CUSHION
631,E,-27,-24,-24,-22,-22,-24,-25,1.40-1.499,CUSHION
632,F,-25,-24,-23,-20,-20,-22,-23,1.40-1.499,CUSHION
633,G,-24,-22,-19,-18,-19,-20,-24,1.40-1.499,CUSHION
634,H,-24,-22,-20,-20,-19,-23,-23,1.40-1.499,CUSHION
635,I,-23,-22,-22,-25,-24,-26,-28,1.40-1.499,CUSHION
636,J,-25,-27,-26,-27,-25,-25,-25,1.40-1.499,CUSHION
637,K,-25,-23,-22,-22,-24,-23,-24,1.40-1.499,CUSHION
638,L,-25,-24,-24,-24,-23,-24,-25,1.40-1.499,CUSHION
639,M,,,,,,,,1.40-1.499,CUSHION
640,D,,,-16,-15,-13,-13,-16,1.40-1.499,MARQUISE
641,E,,,-12,-12,-12,-13,-14,1.40-1.499,MARQUISE
642,F,,,-12,-11,-12,-13,-13,1.40-1.499,MARQUISE
643,G,,-13,-13,-13,-12,-12,-15,1.40-1.499,MARQUISE
644,H,,-14,-12,-11,-14,-15,-16,1.40-1.499,MARQUISE
645,I,,-13,-12,-12,-10,-14,-17,1.40-1.499,MARQUISE
646,J,,-16,-15,-14,-14,-14,-14,1.40-1.499,MARQUISE
647,K,,-16,-15,-14,-15,-17,-17,1.40-1.499,MARQUISE
648,L,,-16,-15,-14,-14,-15,-17,1.40-1.499,MARQUISE
649,M,,,,,,,,1.40-1.499,MARQUISE
650,D,-23,-22,-20,-20,-18,-20,-21,1.40-1.499,EMERALD
651,E,-22,-21,-20,-20,-18,-19,-20,1.40-1.499,EMERALD
652,F,-20,-21,-22,-18,-21,-18,-20,1.40-1.499,EMERALD
653,G,-20,-24,-24,-23,-19,-22,-20,1.40-1.499,EMERALD
654,H,-21,-19,-21,-22,-20,-18,-18,1.40-1.499,EMERALD
655,I,-19,-17,-17,-16,-20,-23,-22,1.40-1.499,EMERALD
656,J,-21,-20,-22,-20,-17,-20,-24,1.40-1.499,EMERALD
657,K,-20,-23,-25,-22,-24,-25,-22,1.40-1.499,EMERALD
658,L,-21,-20,-20,-19,-21,-20,-21,1.40-1.499,EMERALD
659,M,,,,,,,,1.40-1.499,EMERALD
660,D,-30,-28,-24,-28,-28,-34,-36,1.50-1.599,PEAR
661,E,-26,-23,-22,-25,-26,-32,-33,1.50-1.599,PEAR
662,F,-22,-20,-20,-24,-27,-29,-31,1.50-1.599,PEAR
663,G,-17,-19,-20,-22,-27,-28,-29,1.50-1.599,PEAR
664,H,-22,-20,-20,-20,-24,-27,-31,1.50-1.599,PEAR
665,I,-17,-18,-17,-17,-22,-23,-26,1.50-1.599,PEAR
666,J,-20,-20,-23,-21,-23,-23,-27,1.50-1.599,PEAR
667,K,-21,-26,-25,-24,-26,-30,-31,1.50-1.599,PEAR
668,L,-25,-24,-24,-26,-28,-30,-31,1.50-1.599,PEAR
669,M,,,,,,,,1.50-1.599,PEAR
670,D,-30,-32,-29,-30,-31,-28,-31,1.50-1.599,OVAL
671,E,-28,-27,-30,-31,-29,-30,-31,1.50-1.599,OVAL
672,F,-29,-28,-28,-29,-26,-27,-30,1.50-1.599,OVAL
673,G,-24,-24,-26,-29,-29,-29,-30,1.50-1.599,OVAL
674,H,-24,-22,-25,-24,-26,-28,-30,1.50-1.599,OVAL
675,I,-22,-23,-24,-27,-25,-25,-29,1.50-1.599,OVAL
676,J,-25,-24,-22,-25,-28,-27,-30,1.50-1.599,OVAL
677,K,-28,-33,-35,-34,-34,-34,-32,1.50-1.599,OVAL
678,L,-31,-30,-34,-35,-38,-38,-37,1.50-1.599,OVAL
679,M,,,,,,,,1.50-1.599,OVAL
680,D,-37,-36,-40,-41,-44,-43,-47,1.50-1.599,PRINCESS
681,E,-37,-38,-36,-44,-45,-45,-45,1.50-1.599,PRINCESS
682,F,-37,-37,-37,-42,-44,-45,-46,1.50-1.599,PRINCESS
683,G,-40,-42,-40,-42,-43,-45,-44,1.50-1.599,PRINCESS
684,H,-35,-41,-41,-44,-43,-42,-44,1.50-1.599,PRINCESS
685,I,-37,-42,-41,-42,-42,-43,-40,1.50-1.599,PRINCESS
686,J,-34,-37,-37,-36,-36,-36,-36,1.50-1.599,PRINCESS
687,K,-30,-30,-31,-30,-29,-30,-31,1.50-1.599,PRINCESS
688,L,-30,-28,-32,-34,-34,-35,-33,1.50-1.599,PRINCESS
689,M,,,,,,,,1.50-1.599,PRINCESS
690,D,-40,-38,-37,-40,-41,-43,-44,1.50-1.599,CUSHION
691,E,-43,-42,-40,-40,-44,-46,-45,1.50-1.599,CUSHION
692,F,-40,-40,-40,-45,-44,-44,-45,1.50-1.599,CUSHION
693,G,-39,-38,-40,-41,-42,-46,-44,1.50-1.599,CUSHION
694,H,-37,-41,-41,-41,-44,-43,-44,1.50-1.599,CUSHION
695,I,-45,-44,-43,-43,-42,-44,-42,1.50-1.599,CUSHION
696,J,-38,-44,-42,-42,-44,-45,-43,1.50-1.599,CUSHION
697,K,-38,-38,-38,-40,-41,-42,-45,1.50-1.599,CUSHION
698,L,-38,-37,-36,-38,-41,-41,-39,1.50-1.599,CUSHION
699,M,,,,,,,,1.50-1.599,CUSHION
700,D,,,-30,-29,-29,-33,-37,1.50-1.599,MARQUISE
701,E,,,-27,-27,-27,-33,-34,1.50-1.599,MARQUISE
702,F,,,-26,-25,-28,-31,-33,1.50-1.599,MARQUISE
703,G,,-25,-24,-24,-27,-29,-30,1.50-1.599,MARQUISE
704,H,,-22,-22,-22,-24,-28,-32,1.50-1.599,MARQUISE
705,I,,-20,-20,-20,-22,-24,-28,1.50-1.599,MARQUISE
706,J,,-22,-24,-22,-24,-25,-26,1.50-1.599,MARQUISE
707,K,,-27,-26,-25,-27,-31,-32,1.50-1.599,MARQUISE
708,L,,-25,-25,-27,-29,-31,-32,1.50-1.599,MARQUISE
709,M,,,,,,,,1.50-1.599,MARQUISE
710,D,-40,-39,-41,-45,-46,-47,-44,1.50-1.599,EMERALD
711,E,-44,-45,-46,-46,-45,-47,-48,1.50-1.599,EMERALD
712,F,-40,-42,-43,-44,-44,-46,-48,1.50-1.599,EMERALD
713,G,-44,-43,-41,-43,-44,-44,-47,1.50-1.599,EMERALD
714,H,-45,-46,-45,-45,-43,-42,-46,1.50-1.599,EMERALD
715,I,-36,-42,-41,-41,-40,-41,-42,1.50-1.599,EMERALD
716,J,-35,-38,-38,-37,-37,-41,-44,1.50-1.599,EMERALD
717,K,-38,-37,-36,-36,-35,-37,-39,1.50-1.599,EMERALD
718,L,-30,-33,-32,-36,-38,-40,-40,1.50-1.599,EMERALD
719,M,,,,,,,,1.50-1.599,EMERALD
720,D,-33,-31,-27,-30,-30,-34,-36,1.60-1.699,PEAR
721,E,-29,-26,-25,-27,-28,-32,-33,1.60-1.699,PEAR
722,F,-25,-23,-23,-26,-29,-29,-31,1.60-1.699,PEAR
723,G,-20,-22,-23,-24,-29,-28,-29,1.60-1.699,PEAR
724,H,-25,-23,-23,-22,-26,-27,-31,1.60-1.699,PEAR
725,I,-20,-21,-20,-19,-24,-23,-26,1.60-1.699,PEAR
726,J,-23,-23,-26,-23,-25,-23,-27,1.60-1.699,PEAR
727,K,-24,-29,-28,-26,-28,-30,-31,1.60-1.699,PEAR
728,L,-28,-27,-27,-28,-30,-30,-31,1.60-1.699,PEAR
729,M,,,,,,,,1.60-1.699,PEAR
730,D,-33,-35,-32,-32,-33,-28,-31,1.60-1.699,OVAL
731,E,-31,-30,-33,-33,-31,-30,-31,1.60-1.699,OVAL
732,F,-32,-31,-31,-31,-28,-27,-30,1.60-1.699,OVAL
733,G,-27,-27,-29,-31,-31,-29,-30,1.60-1.699,OVAL
734,H,-27,-25,-28,-26,-28,-28,-30,1.60-1.699,OVAL
735,I,-25,-26,-27,-29,-27,-25,-29,1.60-1.699,OVAL
736,J,-28,-27,-25,-27,-30,-27,-30,1.60-1.699,OVAL
737,K,-31,-36,-38,-36,-36,-34,-32,1.60-1.699,OVAL
738,L,-34,-33,-37,-37,-40,-38,-37,1.60-1.699,OVAL
739,M,,,,,,,,1.60-1.699,OVAL
740,D,-40,-39,-43,-43,-46,-43,-47,1.60-1.699,PRINCESS
741,E,-40,-41,-39,-46,-47,-45,-45,1.60-1.699,PRINCESS
742,F,-40,-40,-40,-44,-46,-45,-46,1.60-1.699,PRINCESS
743,G,-43,-45,-43,-44,-45,-45,-44,1.60-1.699,PRINCESS
744,H,-38,-44,-44,-46,-45,-42,-44,1.60-1.699,PRINCESS
745,I,-40,-45,-44,-44,-44,-43,-40,1.60-1.699,PRINCESS
746,J,-37,-40,-40,-38,-38,-36,-36,1.60-1.699,PRINCESS
747,K,-33,-33,-34,-32,-31,-30,-31,1.60-1.699,PRINCESS
748,L,-33,-31,-35,-36,-36,-35,-33,1.60-1.699,PRINCESS
749,M,,,,,,,,1.60-1.699,PRINCESS
750,D,-43,-41,-40,-42,-43,-43,-44,1.60-1.699,CUSHION
751,E,-46,-45,-43,-42,-46,-46,-45,1.60-1.699,CUSHION
752,F,-43,-43,-43,-47,-46,-44,-45,1.60-1.699,CUSHION
753,G,-42,-41,-43,-43,-44,-46,-44,1.60-1.699,CUSHION
754,H,-40,-44,-44,-43,-46,-43,-44,1.60-1.699,CUSHION
755,I,-48,-47,-46,-45,-44,-44,-42,1.60-1.699,CUSHION
756,J,-41,-47,-45,-44,-46,-45,-43,1.60-1.699,CUSHION
757,K,-41,-41,-41,-42,-43,-42,-45,1.60-1.699,CUSHION
758,L,-41,-40,-39,-40,-43,-41,-39,1.60-1.699,CUSHION
759,M,,,,,,,,1.60-1.699,CUSHION
760,D,,,-33,-31,-31,-33,-37,1.60-1.699,MARQUISE
761,E,,,-30,-29,-29,-33,-34,1.60-1.699,MARQUISE
762,F,,,-29,-27,-30,-31,-33,1.60-1.699,MARQUISE
763,G,,-28,-27,-26,-29,-29,-30,1.60-1.699,MARQUISE
764,H,,-25,-25,-24,-26,-28,-32,1.60-1.699,MARQUISE
765,I,,-23,-23,-22,-24,-24,-28,1.60-1.699,MARQUISE
766,J,,-25,-27,-24,-26,-25,-26,1.60-1.699,MARQUISE
767,K,,-30,-29,-27,-29,-31,-32,1.60-1.699,MARQUISE
768,L,,-28,-28,-29,-31,-31,-32,1.60-1.699,MARQUISE
769,M,,,,,,,,1.60-1.699,MARQUISE
770,D,-43,-42,-44,-47,-48,-47,-44,1.60-1.699,EMERALD
771,E,-47,-48,-49,-48,-47,-47,-48,1.60-1.699,EMERALD
772,F,-43,-45,-46,-46,-46,-46,-48,1.60-1.699,EMERALD
773,G,-47,-46,-44,-45,-46,-44,-47,1.60-1.699,EMERALD
774,H,-48,-49,-48,-47,-45,-42,-46,1.60-1.699,EMERALD
775,I,-39,-45,-44,-43,-42,-41,-42,1.60-1.699,EMERALD
776,J,-38,-41,-41,-39,-39,-41,-44,1.60-1.699,EMERALD
777,K,-41,-40,-39,-38,-37,-37,-39,1.60-1.699,EMERALD
778,L,-33,-36,-35,-38,-40,-40,-40,1.60-1.699,EMERALD
779,M,,,,,,,,1.60-1.699,EMERALD
780,D,-16,-15,-16,-15,-16,-20,-24,1.70-1.799,PEAR
781,E,-18,-17,-17,-16,-18,-19,-24,1.70-1.799,PEAR
782,F,-15,-14,-13,-16,-15,-18,-21,1.70-1.799,PEAR
783,G,-13,-12,-12,-14,-14,-15,-18,1.70-1.799,PEAR
784,H,-17,-15,-13,-15,-15,-17,-20,1.70-1.799,PEAR
785,I,-15,-16,-14,-12,-13,-19,-19,1.70-1.799,PEAR
786,J,-16,-16,-15,-15,-16,-20,-23,1.70-1.799,PEAR
787,K,-16,-16,-16,-17,-17,-19,-18,1.70-1.799,PEAR
788,L,-18,-18,-18,-20,-22,-25,-27,1.70-1.799,PEAR
789,M,,,,,,,,1.70-1.799,PEAR
790,D,-18,-19,-15,-17,-17,-17,-19,1.70-1.799,OVAL
791,E,-20,-19,-19,-18,-16,-20,-19,1.70-1.799,OVAL
792,F,-20,-20,-18,-17,-18,-17,-20,1.70-1.799,OVAL
793,G,-19,-20,-19,-17,-16,-18,-20,1.70-1.799,OVAL
794,H,-20,-19,-18,-17,-18,-18,-19,1.70-1.799,OVAL
795,I,-17,-17,-18,-16,-16,-17,-20,1.70-1.799,OVAL
796,J,-17,-16,-15,-16,-17,-17,-16,1.70-1.799,OVAL
797,K,-19,-18,-18,-18,-20,-18,-18,1.70-1.799,OVAL
798,L,-22,-20,-20,-20,-20,-20,-20,1.70-1.799,OVAL
799,M,,,,,,,,1.70-1.799,OVAL
800,D,-32,-34,-37,-35,-30,-30,-31,1.70-1.799,PRINCESS
801,E,-30,-30,-35,-36,-31,-33,-35,1.70-1.799,PRINCESS
802,F,-30,-32,-33,-34,-35,-32,-38,1.70-1.799,PRINCESS
803,G,-32,-32,-31,-35,-34,-34,-36,1.70-1.799,PRINCESS
804,H,-31,-31,-34,-33,-31,-32,-34,1.70-1.799,PRINCESS
805,I,-29,-27,-27,-27,-27,-26,-33,1.70-1.799,PRINCESS
806,J,-28,-26,-27,-26,-30,-28,-29,1.70-1.799,PRINCESS
807,K,-20,-22,-25,-25,-27,-29,-25,1.70-1.799,PRINCESS
808,L,-24,-24,-27,-26,-29,-28,-26,1.70-1.799,PRINCESS
809,M,,,,,,,,1.70-1.799,PRINCESS
810,D,-31,-31,-29,-35,-37,-36,-33,1.70-1.799,CUSHION
811,E,-31,-30,-30,-34,-35,-38,-40,1.70-1.799,CUSHION
812,F,-32,-32,-33,-33,-32,-38,-42,1.70-1.799,CUSHION
813,G,-32,-34,-32,-33,-32,-34,-40,1.70-1.799,CUSHION
814,H,-32,-32,-33,-35,-36,-34,-38,1.70-1.799,CUSHION
815,I,-31,-31,-33,-31,-31,-35,-35,1.70-1.799,CUSHION
816,J,-28,-30,-29,-28,-33,-35,-38,1.70-1.799,CUSHION
817,K,-30,-30,-30,-29,-30,-30,-31,1.70-1.799,CUSHION
818,L,-30,-32,-32,-31,-35,-35,-37,1.70-1.799,CUSHION
819,M,,,,,,,,1.70-1.799,CUSHION
820,D,,,-25,-25,-23,-23,-23,1.70-1.799,MARQUISE
821,E,,,-20,-22,-22,-22,-22,1.70-1.799,MARQUISE
822,F,,,-21,-20,-20,-23,-28,1.70-1.799,MARQUISE
823,G,,-21,-20,-17,-18,-21,-25,1.70-1.799,MARQUISE
824,H,,-18,-18,-18,-17,-18,-22,1.70-1.799,MARQUISE
825,I,,-16,-16,-16,-16,-17,-19,1.70-1.799,MARQUISE
826,J,,-17,-18,-18,-17,-18,-19,1.70-1.799,MARQUISE
827,K,,-18,-17,-18,-18,-18,-19,1.70-1.799,MARQUISE
828,L,,-19,-18,-18,-18,-25,-25,1.70-1.799,MARQUISE
829,M,,,,,,,,1.70-1.799,MARQUISE
830,D,-31,-31,-27,-32,-35,-33,-35,1.70-1.799,EMERALD
831,E,-34,-33,-31,-34,-35,-36,-33,1.70-1.799,EMERALD
832,F,-32,-32,-31,-34,-39,-38,-43,1.70-1.799,EMERALD
833,G,-31,-34,-35,-34,-35,-40,-42,1.70-1.799,EMERALD
834,H,-28,-30,-32,-34,-35,-37,-41,1.70-1.799,EMERALD
835,I,-31,-35,-34,-34,-32,-32,-36,1.70-1.799,EMERALD
836,J,-28,-27,-33,-33,-34,-37,-37,1.70-1.799,EMERALD
837,K,-24,-26,-24,-25,-28,-30,-28,1.70-1.799,EMERALD
838,L,-25,-25,-24,-24,-26,-28,-28,1.70-1.799,EMERALD
839,M,,,,,,,,1.70-1.799,EMERALD
840,D,-15,-14,-15,-14,-11,-12,-13,1.80-1.899,PEAR
841,E,-13,-12,-11,-11,-9,-10,-12,1.80-1.899,PEAR
842,F,-11,-9,-9,-8,-12,-14,-12,1.80-1.899,PEAR
843,G,-9,-8,-8,-11,-9,-11,-13,1.80-1.899,PEAR
844,H,-10,-9,-9,-8,-8,-12,-13,1.80-1.899,PEAR
845,I,-8,-7,-11,-9,-8,-10,-12,1.80-1.899,PEAR
846,J,-9,-8,-8,-7,-7,-8,-10,1.80-1.899,PEAR
847,K,-10,-9,-9,-8,-8,-9,-11,1.80-1.899,PEAR
848,L,-11,-10,-9,-9,-9,-10,-11,1.80-1.899,PEAR
849,M,,,,,,,,1.80-1.899,PEAR
850,D,-17,-16,-12,-14,-16,-13,-15,1.80-1.899,OVAL
851,E,-13,-13,-11,-10,-13,-14,-14,1.80-1.899,OVAL
852,F,-12,-11,-11,-11,-13,-13,-13,1.80-1.899,OVAL
853,G,-12,-12,-12,-12,-11,-11,-12,1.80-1.899,OVAL
854,H,-11,-10,-12,-12,-12,-12,-12,1.80-1.899,OVAL
855,I,-12,-11,-14,-13,-14,-15,-12,1.80-1.899,OVAL
856,J,-12,-11,-9,-11,-14,-16,-13,1.80-1.899,OVAL
857,K,-15,-14,-13,-11,-11,-12,-12,1.80-1.899,OVAL
858,L,-13,-12,-12,-12,-12,-16,-18,1.80-1.899,OVAL
859,M,,,,,,,,1.80-1.899,OVAL
860,D,-28,-28,-32,-28,-26,-27,-24,1.80-1.899,PRINCESS
861,E,-28,-28,-27,-27,-30,-27,-29,1.80-1.899,PRINCESS
862,F,-28,-28,-28,-27,-29,-28,-30,1.80-1.899,PRINCESS
863,G,-28,-29,-28,-29,-25,-27,-28,1.80-1.899,PRINCESS
864,H,-28,-28,-28,-27,-27,-27,-26,1.80-1.899,PRINCESS
865,I,-23,-25,-25,-23,-22,-22,-24,1.80-1.899,PRINCESS
866,J,-23,-22,-20,-18,-21,-25,-24,1.80-1.899,PRINCESS
867,K,-19,-18,-18,-19,-19,-20,-21,1.80-1.899,PRINCESS
868,L,-21,-20,-20,-20,-19,-20,-22,1.80-1.899,PRINCESS
869,M,,,,,,,,1.80-1.899,PRINCESS
870,D,-29,-28,-28,-29,-30,-25,-26,1.80-1.899,CUSHION
871,E,-29,-28,-27,-26,-28,-25,-27,1.80-1.899,CUSHION
872,F,-30,-29,-29,-30,-26,-29,-30,1.80-1.899,CUSHION
873,G,-31,-29,-27,-27,-26,-25,-28,1.80-1.899,CUSHION
874,H,-28,-26,-24,-25,-29,-32,-28,1.80-1.899,CUSHION
875,I,-30,-28,-26,-27,-30,-28,-27,1.80-1.899,CUSHION
876,J,-27,-26,-26,-25,-25,-27,-29,1.80-1.899,CUSHION
877,K,-25,-25,-25,-25,-25,-29,-30,1.80-1.899,CUSHION
878,L,-25,-25,-25,-25,-25,-29,-30,1.80-1.899,CUSHION
879,M,,,,,,,,1.80-1.899,CUSHION
880,D,,,-21,-20,-20,-18,-18,1.80-1.899,MARQUISE
881,E,,,-19,-18,-18,-19,-18,1.80-1.899,MARQUISE
882,F,,,-16,-15,-14,-15,-16,1.80-1.899,MARQUISE
883,G,,-16,-15,-15,-13,-14,-15,1.80-1.899,MARQUISE
884,H,,-13,-13,-13,-12,-13,-16,1.80-1.899,MARQUISE
885,I,,-11,-11,-11,-11,-12,-14,1.80-1.899,MARQUISE
886,J,,-13,-12,-12,-12,-13,-14,1.80-1.899,MARQUISE
887,K,,-14,-13,-13,-14,-15,-16,1.80-1.899,MARQUISE
888,L,,-16,-15,-15,-15,-16,-17,1.80-1.899,MARQUISE
889,M,,,,,,,,1.80-1.899,MARQUISE
890,D,-28,-32,-29,-25,-25,-25,-27,1.80-1.899,EMERALD
891,E,-28,-28,-29,-28,-28,-33,-29,1.80-1.899,EMERALD
892,F,-26,-26,-28,-29,-30,-33,-29,1.80-1.899,EMERALD
893,G,-30,-29,-29,-30,-31,-29,-30,1.80-1.899,EMERALD
894,H,-27,-26,-25,-24,-23,-27,-33,1.80-1.899,EMERALD
895,I,-34,-33,-32,-31,-29,-28,-30,1.80-1.899,EMERALD
896,J,-27,-26,-25,-23,-22,-24,-24,1.80-1.899,EMERALD
897,K,-23,-23,-22,-21,-20,-22,-22,1.80-1.899,EMERALD
898,L,-24,-24,-22,-22,-22,-22,-22,1.80-1.899,EMERALD
899,M,,,,,,,,1.80-1.899,EMERALD
900,D,-8,-11,-12,-11,-10,-11,-12,1.90-1.999,PEAR
901,E,-10,-10,-10,-10,-7,-8,-9,1.90-1.999,PEAR
902,F,-8,-8,-8,-7,-8,-11,-11,1.90-1.999,PEAR
903,G,-8,-7,-7,-5,-6,-9,-8,1.90-1.999,PEAR
904,H,-8,-8,-8,-7,-7,-8,-8,1.90-1.999,PEAR
905,I,-7,-6,-6,-5,-7,-8,-9,1.90-1.999,PEAR
906,J,-8,-7,-7,-6,-6,-7,-8,1.90-1.999,PEAR
907,K,-8,-7,-7,-7,-7,-7,-8,1.90-1.999,PEAR
908,L,-9,-8,-8,-8,-8,-9,-10,1.90-1.999,PEAR
909,M,,,,,,,,1.90-1.999,PEAR
910,D,-9,-8,-9,-8,-7,-8,-8,1.90-1.999,OVAL
911,E,-8,-6,-5,-6,-7,-8,-8,1.90-1.999,OVAL
912,F,-9,-8,-6,-6,-6,-8,-9,1.90-1.999,OVAL
913,G,-9,-9,-9,-9,-7,-9,-11,1.90-1.999,OVAL
914,H,-8,-7,-6,-7,-6,-8,-9,1.90-1.999,OVAL
915,I,-9,-8,-7,-6,-5,-8,-7,1.90-1.999,OVAL
916,J,-10,-10,-8,-7,-7,-9,-8,1.90-1.999,OVAL
917,K,-12,-11,-11,-10,-10,-11,-10,1.90-1.999,OVAL
918,L,-12,-11,-10,-10,-10,-12,-14,1.90-1.999,OVAL
919,M,,,,,,,,1.90-1.999,OVAL
920,D,-25,-24,-24,-24,-24,-26,-23,1.90-1.999,PRINCESS
921,E,-26,-27,-24,-25,-24,-23,-25,1.90-1.999,PRINCESS
922,F,-24,-23,-23,-22,-25,-26,-23,1.90-1.999,PRINCESS
923,G,-26,-24,-23,-23,-23,-23,-23,1.90-1.999,PRINCESS
924,H,-23,-22,-22,-21,-24,-20,-25,1.90-1.999,PRINCESS
925,I,-22,-23,-21,-20,-19,-21,-20,1.90-1.999,PRINCESS
926,J,-22,-21,-19,-17,-20,-18,-19,1.90-1.999,PRINCESS
927,K,-18,-17,-17,-17,-18,-19,-20,1.90-1.999,PRINCESS
928,L,-20,-19,-18,-18,-18,-19,-20,1.90-1.999,PRINCESS
929,M,,,,,,,,1.90-1.999,PRINCESS
930,D,-23,-23,-23,-23,-23,-22,-23,1.90-1.999,CUSHION
931,E,-22,-21,-21,-21,-23,-24,-25,1.90-1.999,CUSHION
932,F,-25,-23,-23,-23,-23,-23,-23,1.90-1.999,CUSHION
933,G,-23,-23,-26,-26,-25,-22,-24,1.90-1.999,CUSHION
934,H,-22,-21,-21,-20,-20,-23,-23,1.90-1.999,CUSHION
935,I,-22,-21,-22,-21,-22,-24,-23,1.90-1.999,CUSHION
936,J,-22,-22,-23,-21,-20,-25,-24,1.90-1.999,CUSHION
937,K,-21,-20,-20,-20,-22,-22,-22,1.90-1.999,CUSHION
938,L,-22,-22,-22,-21,-22,-24,-24,1.90-1.999,CUSHION
939,M,,,,,,,,1.90-1.999,CUSHION
940,D,,,-20,-18,-18,-16,-16,1.90-1.999,MARQUISE
941,E,,,-18,-16,-16,-17,-16,1.90-1.999,MARQUISE
942,F,,,-14,-13,-12,-13,-14,1.90-1.999,MARQUISE
943,G,,-14,-13,-13,-10,-12,-13,1.90-1.999,MARQUISE
944,H,,-11,-11,-11,-10,-11,-14,1.90-1.999,MARQUISE
945,I,,-9,-9,-9,-9,-10,-12,1.90-1.999,MARQUISE
946,J,,-12,-11,-10,-10,-11,-12,1.90-1.999,MARQUISE
947,K,,-12,-11,-11,-12,-13,-14,1.90-1.999,MARQUISE
948,L,,-14,-13,-13,-13,-14,-15,1.90-1.999,MARQUISE
949,M,,,,,,,,1.90-1.999,MARQUISE
950,D,-23,-24,-23,-22,-23,-24,-26,1.90-1.999,EMERALD
951,E,-24,-23,-23,-22,-23,-25,-25,1.90-1.999,EMERALD
952,F,-23,-22,-22,-21,-22,-25,-27,1.90-1.999,EMERALD
953,G,-24,-25,-23,-25,-23,-23,-25,1.90-1.999,EMERALD
954,H,-22,-21,-20,-20,-20,-20,-23,1.90-1.999,EMERALD
955,I,-21,-21,-21,-21,-20,-23,-23,1.90-1.999,EMERALD
956,J,-22,-22,-22,-22,-20,-23,-23,1.90-1.999,EMERALD
957,K,-22,-21,-20,-19,-18,-21,-19,1.90-1.999,EMERALD
958,L,-23,-25,-22,-22,-21,-19,-19,1.90-1.999,EMERALD
959,M,,,,,,,,1.90-1.999,EMERALD
960,D,-30,-25,-24,-25,-30,-33,-33,2.00-2.099,PEAR
961,E,-32,-30,-28,-25,-29,-30,-30,2.00-2.099,PEAR
962,F,-31,-27,-26,-24,-28,-30,-32,2.00-2.099,PEAR
963,G,-25,-25,-23,-22,-24,-26,-30,2.00-2.099,PEAR
964,H,-22,-22,-22,-21,-20,-23,-26,2.00-2.099,PEAR
965,I,-20,-23,-20,-19,-18,-25,-27,2.00-2.099,PEAR
966,J,-20,-19,-18,-18,-16,-22,-26,2.00-2.099,PEAR
967,K,-21,-21,-20,-20,-21,-20,-22,2.00-2.099,PEAR
968,L,-21,-21,-19,-18,-19,-19,-24,2.00-2.099,PEAR
969,M,,,,,,,,2.00-2.099,PEAR
970,D,-33,-32,-32,-28,-28,-31,-30,2.00-2.099,OVAL
971,E,-28,-32,-30,-27,-27,-28,-31,2.00-2.099,OVAL
972,F,-27,-26,-26,-26,-28,-28,-30,2.00-2.099,OVAL
973,G,-24,-23,-23,-24,-24,-28,-32,2.00-2.099,OVAL
974,H,-25,-22,-22,-22,-21,-27,-28,2.00-2.099,OVAL
975,I,-25,-24,-23,-23,-21,-23,-23,2.00-2.099,OVAL
976,J,-24,-23,-25,-23,-22,-23,-25,2.00-2.099,OVAL
977,K,-29,-27,-27,-26,-32,-32,-30,2.00-2.099,OVAL
978,L,-26,-26,-27,-30,-28,-29,-32,2.00-2.099,OVAL
979,M,,,,,,,,2.00-2.099,OVAL
980,D,-40,-39,-40,-43,-43,-40,-40,2.00-2.099,PRINCESS
981,E,-40,-44,-42,-44,-44,-40,-41,2.00-2.099,PRINCESS
982,F,-40,-39,-40,-42,-44,-43,-40,2.00-2.099,PRINCESS
983,G,-40,-41,-43,-43,-42,-39,-40,2.00-2.099,PRINCESS
984,H,-39,-36,-37,-37,-35,-34,-37,2.00-2.099,PRINCESS
985,I,-36,-34,-33,-35,-33,-37,-35,2.00-2.099,PRINCESS
986,J,-34,-38,-37,-36,-35,-35,-36,2.00-2.099,PRINCESS
987,K,-33,-31,-32,-32,-33,-34,-32,2.00-2.099,PRINCESS
988,L,-29,-29,-30,-29,-30,-31,-31,2.00-2.099,PRINCESS
989,M,,,,,,,,2.00-2.099,PRINCESS
990,D,-43,-43,-44,-41,-43,-42,-41,2.00-2.099,CUSHION
991,E,-40,-43,-41,-41,-42,-43,-42,2.00-2.099,CUSHION
992,F,-40,-40,-40,-39,-42,-40,-41,2.00-2.099,CUSHION
993,G,-40,-41,-40,-41,-41,-40,-42,2.00-2.099,CUSHION
994,H,-41,-41,-40,-40,-38,-40,-40,2.00-2.099,CUSHION
995,I,-37,-37,-38,-38,-38,-39,-40,2.00-2.099,CUSHION
996,J,-37,-38,-40,-39,-38,-38,-40,2.00-2.099,CUSHION
997,K,-37,-36,-36,-39,-39,-41,-39,2.00-2.099,CUSHION
998,L,-39,-40,-39,-39,-38,-40,-41,2.00-2.099,CUSHION
999,M,,,,,,,,2.00-2.099,CUSHION
1000,D,,,-28,-26,-22,-23,-22,2.00-2.099,MARQUISE
1001,E,,,-24,-28,-29,-25,-23,2.00-2.099,MARQUISE
1002,F,,,-26,-27,-26,-25,-25,2.00-2.099,MARQUISE
1003,G,,-27,-26,-26,-24,-23,-23,2.00-2.099,MARQUISE
1004,H,,-22,-20,-19,-20,-20,-25,2.00-2.099,MARQUISE
1005,I,,-22,-22,-21,-20,-23,-22,2.00-2.099,MARQUISE
1006,J,,-23,-22,-23,-22,-22,-21,2.00-2.099,MARQUISE
1007,K,,-24,-23,-23,-23,-21,-21,2.00-2.099,MARQUISE
1008,L,,-22,-20,-20,-19,-19,-21,2.00-2.099,MARQUISE
1009,M,,,,,,,,2.00-2.099,MARQUISE
1010,D,-39,-39,-38,-40,-44,-43,-44,2.00-2.099,EMERALD
1011,E,-42,-38,-40,-44,-43,-42,-43,2.00-2.099,EMERALD
1012,F,-40,-40,-43,-42,-42,-42,-43,2.00-2.099,EMERALD
1013,G,-38,-44,-44,-43,-44,-38,-41,2.00-2.099,EMERALD
1014,H,-36,-38,-40,-40,-39,-37,-38,2.00-2.099,EMERALD
1015,I,-35,-37,-36,-35,-34,-38,-39,2.00-2.099,EMERALD
1016,J,-33,-33,-34,-36,-35,-36,-35,2.00-2.099,EMERALD
1017,K,-32,-33,-36,-36,-39,-38,-37,2.00-2.099,EMERALD
1018,L,-27,-29,-33,-32,-35,-36,-34,2.00-2.099,EMERALD
1019,M,,,,,,,,2.00-2.099,EMERALD
1020,D,-34,-29,-28,-28,-33,-35,-35,2.10-2.199,PEAR
1021,E,-36,-34,-32,-28,-32,-32,-32,2.10-2.199,PEAR
1022,F,-35,-31,-30,-27,-31,-32,-34,2.10-2.199,PEAR
1023,G,-29,-29,-27,-25,-27,-28,-32,2.10-2.199,PEAR
1024,H,-26,-26,-26,-24,-23,-25,-28,2.10-2.199,PEAR
1025,I,-24,-27,-24,-22,-21,-27,-29,2.10-2.199,PEAR
1026,J,-24,-23,-22,-21,-19,-24,-28,2.10-2.199,PEAR
1027,K,-25,-25,-24,-23,-24,-22,-24,2.10-2.199,PEAR
1028,L,-25,-25,-23,-21,-22,-21,-26,2.10-2.199,PEAR
1029,M,,,,,,,,2.10-2.199,PEAR
1030,D,-37,-36,-36,-31,-31,-33,-32,2.10-2.199,OVAL
1031,E,-32,-36,-34,-30,-30,-30,-33,2.10-2.199,OVAL
1032,F,-31,-30,-30,-29,-31,-30,-32,2.10-2.199,OVAL
1033,G,-28,-27,-27,-27,-27,-30,-34,2.10-2.199,OVAL
1034,H,-29,-26,-26,-25,-24,-29,-30,2.10-2.199,OVAL
1035,I,-29,-28,-27,-26,-24,-25,-25,2.10-2.199,OVAL
1036,J,-28,-27,-29,-26,-25,-25,-27,2.10-2.199,OVAL
1037,K,-33,-31,-31,-29,-35,-34,-32,2.10-2.199,OVAL
1038,L,-30,-30,-31,-33,-31,-31,-34,2.10-2.199,OVAL
1039,M,,,,,,,,2.10-2.199,OVAL
1040,D,-44,-43,-44,-46,-46,-42,-42,2.10-2.199,PRINCESS
1041,E,-44,-48,-46,-47,-47,-42,-43,2.10-2.199,PRINCESS
1042,F,-44,-43,-44,-45,-47,-45,-42,2.10-2.199,PRINCESS
1043,G,-44,-45,-47,-46,-45,-41,-42,2.10-2.199,PRINCESS
1044,H,-43,-40,-41,-40,-38,-36,-39,2.10-2.199,PRINCESS
1045,I,-40,-38,-37,-38,-36,-39,-37,2.10-2.199,PRINCESS
1046,J,-38,-42,-41,-39,-38,-37,-38,2.10-2.199,PRINCESS
1047,K,-37,-35,-36,-35,-36,-36,-34,2.10-2.199,PRINCESS
1048,L,-33,-33,-34,-32,-33,-33,-33,2.10-2.199,PRINCESS
1049,M,,,,,,,,2.10-2.199,PRINCESS
1050,D,-47,-47,-48,-44,-46,-44,-43,2.10-2.199,CUSHION
1051,E,-44,-47,-45,-44,-45,-45,-44,2.10-2.199,CUSHION
1052,F,-44,-44,-44,-42,-45,-42,-43,2.10-2.199,CUSHION
1053,G,-44,-45,-44,-44,-44,-42,-44,2.10-2.199,CUSHION
1054,H,-45,-45,-44,-43,-41,-42,-42,2.10-2.199,CUSHION
1055,I,-41,-41,-42,-41,-41,-41,-42,2.10-2.199,CUSHION
1056,J,-41,-42,-44,-42,-41,-40,-42,2.10-2.199,CUSHION
1057,K,-41,-40,-40,-42,-42,-43,-41,2.10-2.199,CUSHION
1058,L,-43,-44,-43,-42,-41,-42,-43,2.10-2.199,CUSHION
1059,M,,,,,,,,2.10-2.199,CUSHION
1060,D,,,-32,-29,-25,-25,-24,2.10-2.199,MARQUISE
1061,E,,,-28,-31,-32,-27,-25,2.10-2.199,MARQUISE
1062,F,,,-30,-30,-29,-27,-27,2.10-2.199,MARQUISE
1063,G,,-31,-30,-29,-27,-25,-25,2.10-2.199,MARQUISE
1064,H,,-26,-24,-22,-23,-22,-27,2.10-2.199,MARQUISE
1065,I,,-26,-26,-24,-23,-25,-24,2.10-2.199,MARQUISE
1066,J,,-27,-26,-26,-25,-24,-23,2.10-2.199,MARQUISE
1067,K,,-28,-27,-26,-26,-23,-23,2.10-2.199,MARQUISE
1068,L,,-26,-24,-23,-22,-21,-23,2.10-2.199,MARQUISE
1069,M,,,,,,,,2.10-2.199,MARQUISE
1070,D,-43,-43,-42,-43,-47,-45,-46,2.10-2.199,EMERALD
1071,E,-46,-42,-44,-47,-46,-44,-45,2.10-2.199,EMERALD
1072,F,-44,-44,-47,-45,-45,-44,-45,2.10-2.199,EMERALD
1073,G,-42,-48,-48,-46,-47,-40,-43,2.10-2.199,EMERALD
1074,H,-40,-42,-44,-43,-42,-39,-40,2.10-2.199,EMERALD
1075,I,-39,-41,-40,-38,-37,-40,-41,2.10-2.199,EMERALD
1076,J,-37,-37,-38,-39,-38,-38,-37,2.10-2.199,EMERALD
1077,K,-36,-37,-40,-39,-42,-40,-39,2.10-2.199,EMERALD
1078,L,-31,-33,-37,-35,-38,-38,-36,2.10-2.199,EMERALD
1079,M,,,,,,,,2.10-2.199,EMERALD
1080,D,-26,-21,-20,-21,-26,-29,-29,2.20-2.499,PEAR
1081,E,-28,-26,-24,-21,-25,-26,-26,2.20-2.499,PEAR
1082,F,-27,-23,-22,-20,-24,-26,-28,2.20-2.499,PEAR
1083,G,-21,-21,-19,-18,-20,-22,-26,2.20-2.499,PEAR
1084,H,-18,-18,-18,-17,-16,-19,-22,2.20-2.499,PEAR
1085,I,-16,-19,-16,-15,-14,-21,-23,2.20-2.499,PEAR
1086,J,-16,-15,-14,-14,-12,-18,-22,2.20-2.499,PEAR
1087,K,-17,-17,-16,-16,-17,-16,-18,2.20-2.499,PEAR
1088,L,-17,-17,-15,-14,-15,-15,-20,2.20-2.499,PEAR
1089,M,,,,,,,,2.20-2.499,PEAR
1090,D,-29,-28,-28,-24,-24,-27,-26,2.20-2.499,OVAL
1091,E,-24,-28,-26,-23,-23,-24,-27,2.20-2.499,OVAL
1092,F,-23,-22,-22,-22,-24,-24,-26,2.20-2.499,OVAL
1093,G,-20,-19,-19,-20,-20,-24,-28,2.20-2.499,OVAL
1094,H,-21,-18,-18,-18,-17,-23,-24,2.20-2.499,OVAL
1095,I,-21,-20,-19,-19,-17,-19,-19,2.20-2.499,OVAL
1096,J,-20,-19,-21,-19,-18,-19,-21,2.20-2.499,OVAL
1097,K,-25,-23,-23,-22,-28,-28,-26,2.20-2.499,OVAL
1098,L,-22,-22,-23,-26,-24,-25,-28,2.20-2.499,OVAL
1099,M,,,,,,,,2.20-2.499,OVAL
1100,D,-36,-35,-36,-39,-39,-36,-36,2.20-2.499,PRINCESS
1101,E,-36,-40,-38,-40,-40,-36,-37,2.20-2.499,PRINCESS
1102,F,-36,-35,-36,-38,-40,-39,-36,2.20-2.499,PRINCESS
1103,G,-36,-37,-39,-39,-38,-35,-36,2.20-2.499,PRINCESS
1104,H,-35,-32,-33,-33,-31,-30,-33,2.20-2.499,PRINCESS
1105,I,-32,-30,-29,-31,-29,-33,-31,2.20-2.499,PRINCESS
1106,J,-30,-34,-33,-32,-31,-31,-32,2.20-2.499,PRINCESS
1107,K,-29,-27,-28,-28,-29,-30,-28,2.20-2.499,PRINCESS
1108,L,-25,-25,-26,-25,-26,-27,-27,2.20-2.499,PRINCESS
1109,M,,,,,,,,2.20-2.499,PRINCESS
1110,D,-39,-39,-40,-37,-39,-38,-37,2.20-2.499,CUSHION
1111,E,-36,-39,-37,-37,-38,-39,-38,2.20-2.499,CUSHION
1112,F,-36,-36,-36,-35,-38,-36,-37,2.20-2.499,CUSHION
1113,G,-36,-37,-36,-37,-37,-36,-38,2.20-2.499,CUSHION
1114,H,-37,-37,-36,-36,-34,-36,-36,2.20-2.499,CUSHION
1115,I,-33,-33,-34,-34,-34,-35,-36,2.20-2.499,CUSHION
1116,J,-33,-34,-36,-35,-34,-34,-36,2.20-2.499,CUSHION
1117,K,-33,-32,-32,-35,-35,-37,-35,2.20-2.499,CUSHION
1118,L,-35,-36,-35,-35,-34,-36,-37,2.20-2.499,CUSHION
1119,M,,,,,,,,2.20-2.499,CUSHION
1120,D,,,-24,-22,-18,-19,-18,2.20-2.499,MARQUISE
1121,E,,,-20,-24,-25,-21,-19,2.20-2.499,MARQUISE
1122,F,,,-22,-23,-22,-21,-21,2.20-2.499,MARQUISE
1123,G,,-23,-22,-22,-20,-19,-19,2.20-2.499,MARQUISE
1124,H,,-18,-16,-15,-16,-16,-21,2.20-2.499,MARQUISE
1125,I,,-18,-18,-17,-16,-19,-18,2.20-2.499,MARQUISE
1126,J,,-19,-18,-19,-18,-18,-17,2.20-2.499,MARQUISE
1127,K,,-20,-19,-19,-19,-17,-17,2.20-2.499,MARQUISE
1128,L,,-18,-16,-16,-15,-15,-17,2.20-2.499,MARQUISE
1129,M,,,,,,,,2.20-2.499,MARQUISE
1130,D,-35,-35,-34,-36,-40,-39,-40,2.20-2.499,EMERALD
1131,E,-38,-34,-36,-40,-39,-38,-39,2.20-2.499,EMERALD
1132,F,-36,-36,-39,-38,-38,-38,-39,2.20-2.499,EMERALD
1133,G,-34,-40,-40,-39,-40,-34,-37,2.20-2.499,EMERALD
1134,H,-32,-34,-36,-36,-35,-33,-34,2.20-2.499,EMERALD
1135,I,-31,-33,-32,-31,-30,-34,-35,2.20-2.499,EMERALD
1136,J,-29,-29,-30,-32,-31,-32,-31,2.20-2.499,EMERALD
1137,K,-28,-29,-32,-32,-35,-34,-33,2.20-2.499,EMERALD
1138,L,-23,-25,-29,-28,-31,-32,-30,2.20-2.499,EMERALD
1139,M,,,,,,,,2.20-2.499,EMERALD
1140,D,-23,-18,-17,-18,-23,-26,-26,2.50-2.699,PEAR
1141,E,-25,-23,-21,-18,-22,-23,-23,2.50-2.699,PEAR
1142,F,-24,-20,-19,-17,-21,-23,-25,2.50-2.699,PEAR
1143,G,-18,-18,-16,-15,-17,-19,-23,2.50-2.699,PEAR
1144,H,-15,-15,-15,-14,-13,-16,-19,2.50-2.699,PEAR
1145,I,-13,-16,-13,-12,-11,-18,-20,2.50-2.699,PEAR
1146,J,-13,-12,-11,-11,-9,-15,-19,2.50-2.699,PEAR
1147,K,-14,-14,-13,-13,-14,-13,-15,2.50-2.699,PEAR
1148,L,-14,-14,-12,-11,-12,-12,-17,2.50-2.699,PEAR
1149,M,,,,,,,,2.50-2.699,PEAR
1150,D,-26,-25,-25,-21,-21,-24,-23,2.50-2.699,OVAL
1151,E,-21,-25,-23,-20,-20,-21,-24,2.50-2.699,OVAL
1152,F,-20,-19,-19,-19,-21,-21,-23,2.50-2.699,OVAL
1153,G,-17,-16,-16,-17,-17,-21,-25,2.50-2.699,OVAL
1154,H,-18,-15,-15,-15,-14,-20,-21,2.50-2.699,OVAL
1155,I,-18,-17,-16,-16,-14,-16,-16,2.50-2.699,OVAL
1156,J,-17,-16,-18,-16,-15,-16,-18,2.50-2.699,OVAL
1157,K,-22,-20,-20,-19,-25,-25,-23,2.50-2.699,OVAL
1158,L,-19,-19,-20,-23,-21,-22,-25,2.50-2.699,OVAL
1159,M,,,,,,,,2.50-2.699,OVAL
1160,D,-33,-32,-33,-36,-36,-33,-33,2.50-2.699,PRINCESS
1161,E,-33,-37,-35,-37,-37,-33,-34,2.50-2.699,PRINCESS
1162,F,-33,-32,-33,-35,-37,-36,-33,2.50-2.699,PRINCESS
1163,G,-33,-34,-36,-36,-35,-32,-33,2.50-2.699,PRINCESS
1164,H,-32,-29,-30,-30,-28,-27,-30,2.50-2.699,PRINCESS
1165,I,-29,-27,-26,-28,-26,-30,-28,2.50-2.699,PRINCESS
1166,J,-27,-31,-30,-29,-28,-28,-29,2.50-2.699,PRINCESS
1167,K,-26,-24,-25,-25,-26,-27,-25,2.50-2.699,PRINCESS
1168,L,-22,-22,-23,-22,-23,-24,-24,2.50-2.699,PRINCESS
1169,M,,,,,,,,2.50-2.699,PRINCESS
1170,D,-36,-36,-37,-34,-36,-35,-34,2.50-2.699,CUSHION
1171,E,-33,-36,-34,-34,-35,-36,-35,2.50-2.699,CUSHION
1172,F,-33,-33,-33,-32,-35,-33,-34,2.50-2.699,CUSHION
1173,G,-33,-34,-33,-34,-34,-33,-35,2.50-2.699,CUSHION
1174,H,-34,-34,-33,-33,-31,-33,-33,2.50-2.699,CUSHION
1175,I,-30,-30,-31,-31,-31,-32,-33,2.50-2.699,CUSHION
1176,J,-30,-31,-33,-32,-31,-31,-33,2.50-2.699,CUSHION
1177,K,-30,-29,-29,-32,-32,-34,-32,2.50-2.699,CUSHION
1178,L,-32,-33,-32,-32,-31,-33,-34,2.50-2.699,CUSHION
1179,M,,,,,,,,2.50-2.699,CUSHION
1180,D,,,-21,-19,-15,-16,-15,2.50-2.699,MARQUISE
1181,E,,,-17,-21,-22,-18,-16,2.50-2.699,MARQUISE
1182,F,,,-19,-20,-19,-18,-18,2.50-2.699,MARQUISE
1183,G,,-20,-19,-19,-17,-16,-16,2.50-2.699,MARQUISE
1184,H,,-15,-13,-12,-13,-13,-18,2.50-2.699,MARQUISE
1185,I,,-15,-15,-14,-13,-16,-15,2.50-2.699,MARQUISE
1186,J,,-16,-15,-16,-15,-15,-14,2.50-2.699,MARQUISE
1187,K,,-17,-16,-16,-16,-14,-14,2.50-2.699,MARQUISE
1188,L,,-15,-13,-13,-12,-12,-14,2.50-2.699,MARQUISE
1189,M,,,,,,,,2.50-2.699,MARQUISE
1190,D,-27,-27,-26,-28,-32,-31,-32,2.50-2.699,EMERALD
1191,E,-30,-26,-28,-32,-31,-30,-31,2.50-2.699,EMERALD
1192,F,-28,-28,-31,-30,-30,-30,-31,2.50-2.699,EMERALD
1193,G,-26,-32,-32,-31,-32,-26,-29,2.50-2.699,EMERALD
1194,H,-24,-26,-28,-28,-27,-25,-26,2.50-2.699,EMERALD
1195,I,-23,-25,-24,-23,-22,-26,-27,2.50-2.699,EMERALD
1196,J,-23,-23,-24,-26,-25,-26,-25,2.50-2.699,EMERALD
1197,K,-22,-23,-26,-26,-29,-28,-27,2.50-2.699,EMERALD
1198,L,-17,-19,-23,-22,-25,-26,-24,2.50-2.699,EMERALD
1199,M,,,,,,,,2.50-2.699,EMERALD
1200,D,-19,-14,-13,-14,-19,-22,-22,2.70-2.799,PEAR
1201,E,-21,-19,-17,-14,-18,-19,-19,2.70-2.799,PEAR
1202,F,-20,-16,-15,-13,-17,-19,-21,2.70-2.799,PEAR
1203,G,-14,-14,-12,-11,-13,-15,-19,2.70-2.799,PEAR
1204,H,-11,-11,-11,-10,-9,-12,-15,2.70-2.799,PEAR
1205,I,-9,-12,-9,-8,-7,-14,-16,2.70-2.799,PEAR
1206,J,-9,-8,-7,-7,-5,-11,-15,2.70-2.799,PEAR
1207,K,-10,-10,-9,-9,-10,-9,-11,2.70-2.799,PEAR
1208,L,-10,-10,-8,-7,-8,-8,-13,2.70-2.799,PEAR
1209,M,,,,,,,,2.70-2.799,PEAR
1210,D,-22,-21,-21,-17,-17,-20,-19,2.70-2.799,OVAL
1211,E,-17,-21,-19,-16,-16,-17,-20,2.70-2.799,OVAL
1212,F,-16,-15,-15,-15,-17,-17,-19,2.70-2.799,OVAL
1213,G,-13,-12,-12,-13,-13,-17,-21,2.70-2.799,OVAL
1214,H,-14,-11,-11,-11,-10,-16,-17,2.70-2.799,OVAL
1215,I,-14,-13,-12,-12,-10,-12,-12,2.70-2.799,OVAL
1216,J,-13,-12,-14,-12,-11,-12,-14,2.70-2.799,OVAL
1217,K,-18,-16,-16,-15,-21,-21,-19,2.70-2.799,OVAL
1218,L,-15,-15,-16,-19,-17,-18,-21,2.70-2.799,OVAL
1219,M,,,,,,,,2.70-2.799,OVAL
1220,D,-29,-28,-29,-32,-32,-29,-29,2.70-2.799,PRINCESS
1221,E,-29,-33,-31,-33,-33,-29,-30,2.70-2.799,PRINCESS
1222,F,-29,-28,-29,-31,-33,-32,-29,2.70-2.799,PRINCESS
1223,G,-29,-30,-32,-32,-31,-28,-29,2.70-2.799,PRINCESS
1224,H,-28,-25,-26,-26,-24,-23,-26,2.70-2.799,PRINCESS
1225,I,-25,-23,-22,-24,-22,-26,-24,2.70-2.799,PRINCESS
1226,J,-23,-27,-26,-25,-24,-24,-25,2.70-2.799,PRINCESS
1227,K,-22,-20,-21,-21,-22,-23,-21,2.70-2.799,PRINCESS
1228,L,-18,-18,-19,-18,-19,-20,-20,2.70-2.799,PRINCESS
1229,M,,,,,,,,2.70-2.799,PRINCESS
1230,D,-32,-32,-33,-30,-32,-31,-30,2.70-2.799,CUSHION
1231,E,-29,-32,-30,-30,-31,-32,-31,2.70-2.799,CUSHION
1232,F,-29,-29,-29,-28,-31,-29,-30,2.70-2.799,CUSHION
1233,G,-29,-30,-29,-30,-30,-29,-31,2.70-2.799,CUSHION
1234,H,-30,-30,-29,-29,-27,-29,-29,2.70-2.799,CUSHION
1235,I,-26,-26,-27,-27,-27,-28,-29,2.70-2.799,CUSHION
1236,J,-26,-27,-29,-28,-27,-27,-29,2.70-2.799,CUSHION
1237,K,-26,-25,-25,-28,-28,-30,-28,2.70-2.799,CUSHION
1238,L,-28,-29,-28,-28,-27,-29,-30,2.70-2.799,CUSHION
1239,M,,,,,,,,2.70-2.799,CUSHION
1240,D,,,-17,-15,-11,-12,-11,2.70-2.799,MARQUISE
1241,E,,,-13,-17,-18,-14,-12,2.70-2.799,MARQUISE
1242,F,,,-15,-16,-15,-14,-14,2.70-2.799,MARQUISE
1243,G,,-16,-15,-15,-13,-12,-12,2.70-2.799,MARQUISE
1244,H,,-11,-9,-8,-9,-9,-14,2.70-2.799,MARQUISE
1245,I,,-11,-11,-10,-9,-12,-11,2.70-2.799,MARQUISE
1246,J,,-12,-11,-12,-11,-11,-10,2.70-2.799,MARQUISE
1247,K,,-13,-12,-12,-12,-10,-10,2.70-2.799,MARQUISE
1248,L,,-11,-9,-9,-8,-8,-10,2.70-2.799,MARQUISE
1249,M,,,,,,,,2.70-2.799,MARQUISE
1250,D,-23,-23,-22,-24,-28,-27,-28,2.70-2.799,EMERALD
1251,E,-26,-22,-24,-28,-27,-26,-27,2.70-2.799,EMERALD
1252,F,-24,-24,-27,-26,-26,-26,-27,2.70-2.799,EMERALD
1253,G,-22,-28,-28,-27,-28,-22,-25,2.70-2.799,EMERALD
1254,H,-20,-22,-24,-24,-23,-21,-22,2.70-2.799,EMERALD
1255,I,-19,-21,-20,-19,-18,-22,-23,2.70-2.799,EMERALD
1256,J,-19,-19,-20,-22,-21,-22,-21,2.70-2.799,EMERALD
1257,K,-18,-19,-22,-22,-25,-24,-23,2.70-2.799,EMERALD
1258,L,-13,-15,-19,-18,-21,-22,-20,2.70-2.799,EMERALD
1259,M,,,,,,,,2.70-2.799,EMERALD
1260,D,-15,-10,-9,-10,-15,-18,-18,2.80-2.999,PEAR
1261,E,-17,-15,-13,-10,-14,-15,-15,2.80-2.999,PEAR
1262,F,-16,-12,-11,-9,-13,-15,-17,2.80-2.999,PEAR
1263,G,-10,-10,-8,-7,-9,-11,-15,2.80-2.999,PEAR
1264,H,-7,-7,-7,-6,-5,-8,-11,2.80-2.999,PEAR
1265,I,-5,-8,-5,-4,-3,-10,-12,2.80-2.999,PEAR
1266,J,-5,-4,-3,-3,-1,-7,-11,2.80-2.999,PEAR
1267,K,-6,-6,-5,-5,-6,-5,-7,2.80-2.999,PEAR
1268,L,-6,-6,-4,-3,-4,-4,-9,2.80-2.999,PEAR
1269,M,,,,,,,,2.80-2.999,PEAR
1270,D,-18,-17,-17,-13,-13,-16,-15,2.80-2.999,OVAL
1271,E,-13,-17,-15,-12,-12,-13,-16,2.80-2.999,OVAL
1272,F,-12,-11,-11,-11,-13,-13,-15,2.80-2.999,OVAL
1273,G,-9,-8,-8,-9,-9,-13,-17,2.80-2.999,OVAL
1274,H,-10,-7,-7,-7,-6,-12,-13,2.80-2.999,OVAL
1275,I,-10,-9,-8,-8,-6,-8,-8,2.80-2.999,OVAL
1276,J,-9,-8,-10,-8,-7,-8,-10,2.80-2.999,OVAL
1277,K,-14,-12,-12,-11,-17,-17,-15,2.80-2.999,OVAL
1278,L,-11,-11,-12,-15,-13,-14,-17,2.80-2.999,OVAL
1279,M,,,,,,,,2.80-2.999,OVAL
1280,D,-25,-24,-25,-28,-28,-25,-25,2.80-2.999,PRINCESS
1281,E,-25,-29,-27,-29,-29,-25,-26,2.80-2.999,PRINCESS
1282,F,-25,-24,-25,-27,-29,-28,-25,2.80-2.999,PRINCESS
1283,G,-25,-26,-28,-28,-27,-24,-25,2.80-2.999,PRINCESS
1284,H,-24,-21,-22,-22,-20,-19,-22,2.80-2.999,PRINCESS
1285,I,-21,-19,-18,-20,-18,-22,-20,2.80-2.999,PRINCESS
1286,J,-19,-23,-22,-21,-20,-20,-21,2.80-2.999,PRINCESS
1287,K,-18,-16,-17,-17,-18,-19,-17,2.80-2.999,PRINCESS
1288,L,-14,-14,-15,-14,-15,-16,-16,2.80-2.999,PRINCESS
1289,M,,,,,,,,2.80-2.999,PRINCESS
1290,D,-28,-28,-29,-26,-28,-27,-26,2.80-2.999,CUSHION
1291,E,-25,-28,-26,-26,-27,-28,-27,2.80-2.999,CUSHION
1292,F,-25,-25,-25,-24,-27,-25,-26,2.80-2.999,CUSHION
1293,G,-25,-26,-25,-26,-26,-25,-27,2.80-2.999,CUSHION
1294,H,-26,-26,-25,-25,-23,-25,-25,2.80-2.999,CUSHION
1295,I,-22,-22,-23,-23,-23,-24,-25,2.80-2.999,CUSHION
1296,J,-22,-23,-25,-24,-23,-23,-25,2.80-2.999,CUSHION
1297,K,-22,-21,-21,-24,-24,-26,-24,2.80-2.999,CUSHION
1298,L,-24,-25,-24,-24,-23,-25,-26,2.80-2.999,CUSHION
1299,M,,,,,,,,2.80-2.999,CUSHION
1300,D,,,-13,-11,-7,-8,-7,2.80-2.999,MARQUISE
1301,E,,,-9,-13,-14,-10,-8,2.80-2.999,MARQUISE
1302,F,,,-11,-12,-11,-10,-10,2.80-2.999,MARQUISE
1303,G,,-12,-11,-11,-9,-8,-8,2.80-2.999,MARQUISE
1304,H,,-7,-5,-4,-5,-5,-10,2.80-2.999,MARQUISE
1305,I,,-7,-7,-6,-5,-8,-7,2.80-2.999,MARQUISE
1306,J,,-8,-7,-8,-7,-7,-6,2.80-2.999,MARQUISE
1307,K,,-9,-8,-8,-8,-6,-6,2.80-2.999,MARQUISE
1308,L,,-7,-5,-5,-4,-4,-6,2.80-2.999,MARQUISE
1309,M,,,,,,,,2.80-2.999,MARQUISE
1310,D,-19,-19,-18,-20,-24,-23,-24,2.80-2.999,EMERALD
1311,E,-22,-18,-20,-24,-23,-22,-23,2.80-2.999,EMERALD
1312,F,-20,-20,-23,-22,-22,-22,-23,2.80-2.999,EMERALD
1313,G,-18,-24,-24,-23,-24,-18,-21,2.80-2.999,EMERALD
1314,H,-16,-18,-20,-20,-19,-17,-18,2.80-2.999,EMERALD
1315,I,-15,-17,-16,-15,-14,-18,-19,2.80-2.999,EMERALD
1316,J,-15,-15,-16,-18,-17,-18,-17,2.80-2.999,EMERALD
1317,K,-14,-15,-18,-18,-21,-20,-19,2.80-2.999,EMERALD
1318,L,-9,-11,-15,-14,-17,-18,-16,2.80-2.999,EMERALD
1319,M,,,,,,,,2.80-2.999,EMERALD
1320,D,-35,-30,-30,-30,-30,-28,-29,3.01-3.09,PEAR
1321,E,,-29,-29,-35,-31,-29,-29,3.01-3.09,PEAR
1322,F,,-27,-27,-25,-25,-28,-29,3.01-3.09,PEAR
1323,G,,-30,-29,-26,-25,-28,-28,3.01-3.09,PEAR
1324,H,,-30,-30,-25,-25,-28,-28,3.01-3.09,PEAR
1325,I,,-31,-31,-28,-27,-30,-31,3.01-3.09,PEAR
1326,J,,-32,-32,-30,-30,-28,-27,3.01-3.09,PEAR
1327,K,,-32,-32,-30,-30,-28,-27,3.01-3.09,PEAR
1328,L,,,,,,,,3.01-3.09,PEAR
1329,M,,,,,,,,3.01-3.09,PEAR
1330,D,-35,-32,-32,-30,-30,-28,-29,3.01-3.09,OVAL
1331,E,,-32,-32,-35,-31,-29,-29,3.01-3.09,OVAL
1332,F,,-32,-32,-25,-25,-28,-29,3.01-3.09,OVAL
1333,G,,-30,-29,-26,-25,-28,-28,3.01-3.09,OVAL
1334,H,,-30,-30,-25,-25,-28,-28,3.01-3.09,OVAL
1335,I,,-31,-31,-28,-27,-30,-31,3.01-3.09,OVAL
1336,J,,-32,-32,-30,-30,-28,-27,3.01-3.09,OVAL
1337,K,,-32,-32,-30,-30,-28,-27,3.01-3.09,OVAL
1338,L,,,,,,,,3.01-3.09,OVAL
1339,M,,,,,,,,3.01-3.09,OVAL
1340,D,-52,-48,-47,-44,-43,-46,-45,3.01-3.09,PRINCESS
1341,E,,-48,-47,-44,-43,-46,-45,3.01-3.09,PRINCESS
1342,F,,-47,-47,-44,-43,-46,-45,3.01-3.09,PRINCESS
1343,G,,-45,-45,-43,-43,-46,-45,3.01-3.09,PRINCESS
1344,H,,-45,-45,-43,-43,-46,-45,3.01-3.09,PRINCESS
1345,I,,-45,-45,-43,-43,-46,-45,3.01-3.09,PRINCESS
1346,J,,,,,,,,3.01-3.09,PRINCESS
1347,K,,,,,,,,3.01-3.09,PRINCESS
1348,L,,,,,,,,3.01-3.09,PRINCESS
1349,M,,,,,,,,3.01-3.09,PRINCESS
1350,D,-52,-48,-47,-44,-43,-46,-45,3.01-3.09,CUSHION
1351,E,,-48,-47,-44,-43,-46,-45,3.01-3.09,CUSHION
1352,F,,-47,-47,-44,-43,-46,-45,3.01-3.09,CUSHION
1353,G,,-45,-45,-43,-43,-46,-45,3.01-3.09,CUSHION
1354,H,,-45,-45,-43,-43,-46,-45,3.01-3.09,CUSHION
1355,I,,-45,-45,-43,-43,-46,-45,3.01-3.09,CUSHION
1356,J,,,,,,,,3.01-3.09,CUSHION
1357,K,,,,,,,,3.01-3.09,CUSHION
1358,L,,,,,,,,3.01-3.09,CUSHION
1359,M,,,,,,,,3.01-3.09,CUSHION
1360,D,-38,-36,-34,-33,-31,-28,-29,3.01-3.09,MARQUISE
1361,E,,-38,-37,-35,-31,-29,-29,3.01-3.09,MARQUISE
1362,F,,-37,-35,-34,-32,-30,-32,3.01-3.09,MARQUISE
1363,G,,-37,-35,-33,-33,-28,-28,3.01-3.09,MARQUISE
1364,H,,-36,-36,-32,-31,-30,-32,3.01-3.09,MARQUISE
1365,I,,-36,-36,-32,-31,-30,-31,3.01-3.09,MARQUISE
1366,J,,,,,,,,3.01-3.09,MARQUISE
1367,K,,,,,,,,3.01-3.09,MARQUISE
1368,L,,,,,,,,3.01-3.09,MARQUISE
1369,M,,,,,,,,3.01-3.09,MARQUISE
1370,D,-43,-44,-40,-38,-35,-38,-38,3.01-3.09,EMERALD
1371,E,,-45,-40,-38,-37,-42,-46,3.01-3.09,EMERALD
1372,F,,-37,-37,-37,-35,-42,-46,3.01-3.09,EMERALD
1373,G,,-37,-37,-37,-35,-40,-44,3.01-3.09,EMERALD
1374,H,,-38,-37,-35,-35,-40,-45,3.01-3.09,EMERALD
1375,I,,-38,-37,-36,-36,-39,-45,3.01-3.09,EMERALD
1376,J,,,,,,,,3.01-3.09,EMERALD
1377,K,,,,,,,,3.01-3.09,EMERALD
1378,L,,,,,,,,3.01-3.09,EMERALD
1379,M,,,,,,,,3.01-3.09,EMERALD
1380,D,-38,-36,-34,-33,-31,-28,-29,3.01-3.09,LONG RADIANT
1381,E,,-38,-37,-35,-31,-29,-29,3.01-3.09,LONG RADIANT
1382,F,,-37,-35,-34,-32,-30,-32,3.01-3.09,LONG RADIANT
1383,G,,-37,-35,-33,-33,-28,-28,3.01-3.09,LONG RADIANT
1384,H,,-36,-36,-32,-31,-30,-32,3.01-3.09,LONG RADIANT
1385,I,,-36,-36,-32,-31,-30,-31,3.01-3.09,LONG RADIANT
1386,J,,-32,-32,-30,-30,-28,-27,3.01-3.09,LONG RADIANT
1387,K,,-32,-32,-30,-30,-28,-27,3.01-3.09,LONG RADIANT
1388,L,,,,,,,,3.01-3.09,LONG RADIANT
1389,M,,,,,,,,3.01-3.09,LONG RADIANT
1390,D,-39,-38,-36,-34,-34,-32,-33,4.01-4.09,PEAR
1391,E,,-36,-35,-32,-32,-33,-33,4.01-4.09,PEAR
1392,F,,-34,-34,-29,-29,-32,-33,4.01-4.09,PEAR
1393,G,,-34,-34,-30,-29,-32,-32,4.01-4.09,PEAR
1394,H,,-34,-34,-29,-29,-32,-32,4.01-4.09,PEAR
1395,I,,-35,-35,-32,-31,-34,-35,4.01-4.09,PEAR
1396,J,,-36,-36,-34,-34,-32,-31,4.01-4.09,PEAR
1397,K,,-36,-36,-34,-34,-32,-31,4.01-4.09,PEAR
1398,L,,,,,,,,4.01-4.09,PEAR
1399,M,,,,,,,,4.01-4.09,PEAR
1400,D,-38,-38,-36,-35,-33,-33,-33,4.01-4.09,OVAL
1401,E,,-40,-39,-37,-35,-35,-33,4.01-4.09,OVAL
1402,F,,-40,-38,-37,-35,-33,-34,4.01-4.09,OVAL
1403,G,,-40,-37,-36,-36,-34,-34,4.01-4.09,OVAL
1404,H,,-39,-37,-36,-34,-33,-32,4.01-4.09,OVAL
1405,I,,-39,-37,-36,-34,-31,-31,4.01-4.09,OVAL
1406,J,,-35,-35,-33,-33,-30,-28,4.01-4.09,OVAL
1407,K,,-35,-35,-33,-33,-30,-28,4.01-4.09,OVAL
1408,L,,,,,,,,4.01-4.09,OVAL
1409,M,,,,,,,,4.01-4.09,OVAL
1410,D,-54,-50,-49,-46,-45,-48,-47,4.01-4.09,PRINCESS
1411,E,,-50,-49,-46,-45,-48,-47,4.01-4.09,PRINCESS
1412,F,,-49,-49,-46,-45,-48,-47,4.01-4.09,PRINCESS
1413,G,,-47,-47,-45,-45,-48,-47,4.01-4.09,PRINCESS
1414,H,,-47,-47,-45,-45,-48,-47,4.01-4.09,PRINCESS
1415,I,,-47,-47,-45,-45,-48,-47,4.01-4.09,PRINCESS
1416,J,,,,,,,,4.01-4.09,PRINCESS
1417,K,,,,,,,,4.01-4.09,PRINCESS
1418,L,,,,,,,,4.01-4.09,PRINCESS
1419,M,,,,,,,,4.01-4.09,PRINCESS
1420,D,-54,-50,-49,-46,-45,-48,-47,4.01-4.09,CUSHION
1421,E,,-50,-49,-46,-45,-48,-47,4.01-4.09,CUSHION
1422,F,,-49,-49,-46,-45,-48,-47,4.01-4.09,CUSHION
1423,G,,-47,-47,-45,-45,-48,-47,4.01-4.09,CUSHION
1424,H,,-47,-47,-45,-45,-48,-47,4.01-4.09,CUSHION
1425,I,,-47,-47,-45,-45,-48,-47,4.01-4.09,CUSHION
1426,J,,,,,,,,4.01-4.09,CUSHION
1427,K,,,,,,,,4.01-4.09,CUSHION
1428,L,,,,,,,,4.01-4.09,CUSHION
1429,M,,,,,,,,4.01-4.09,CUSHION
1430,D,-38,-38,-36,-35,-33,-33,-33,4.01-4.09,MARQUISE
1431,E,,-40,-39,-37,-35,-35,-33,4.01-4.09,MARQUISE
1432,F,,-40,-38,-37,-35,-33,-34,4.01-4.09,MARQUISE
1433,G,,-40,-37,-36,-36,-34,-34,4.01-4.09,MARQUISE
1434,H,,-39,-37,-36,-34,-33,-32,4.01-4.09,MARQUISE
1435,I,,-39,-37,-36,-34,-31,-31,4.01-4.09,MARQUISE
1436,J,,,,,,,,4.01-4.09,MARQUISE
1437,K,,,,,,,,4.01-4.09,MARQUISE
1438,L,,,,,,,,4.01-4.09,MARQUISE
1439,M,,,,,,,,4.01-4.09,MARQUISE
1440,D,-46,-47,-43,-41,-38,-41,-41,4.01-4.09,EMERALD
1441,E,,-48,-43,-41,-40,-45,-49,4.01-4.09,EMERALD
1442,F,,-40,-40,-40,-38,-45,-49,4.01-4.09,EMERALD
1443,G,,-40,-40,-40,-38,-43,-47,4.01-4.09,EMERALD
1444,H,,-41,-40,-38,-38,-43,-48,4.01-4.09,EMERALD
1445,I,,-41,-40,-39,-39,-42,-48,4.01-4.09,EMERALD
1446,J,,,,,,,,4.01-4.09,EMERALD
1447,K,,,,,,,,4.01-4.09,EMERALD
1448,L,,,,,,,,4.01-4.09,EMERALD
1449,M,,,,,,,,4.01-4.09,EMERALD
1450,D,-38,-38,-36,-35,-33,-33,-33,4.01-4.09,LONG RADIANT
1451,E,,-40,-39,-37,-35,-35,-33,4.01-4.09,LONG RADIANT
1452,F,,-40,-38,-37,-35,-33,-34,4.01-4.09,LONG RADIANT
1453,G,,-40,-37,-36,-36,-34,-34,4.01-4.09,LONG RADIANT
1454,H,,-39,-37,-36,-34,-33,-32,4.01-4.09,LONG RADIANT
1455,I,,-39,-37,-36,-34,-31,-31,4.01-4.09,LONG RADIANT
1456,J,,-35,-35,-33,-33,-30,-28,4.01-4.09,LONG RADIANT
1457,K,,-35,-35,-33,-33,-30,-28,4.01-4.09,LONG RADIANT
1458,L,,,,,,,,4.01-4.09,LONG RADIANT
1459,M,,,,,,,,4.01-4.09,LONG RADIANT
1460,D,-39,-38,-36,-34,-34,-32,-33,5.01-5.09,PEAR
1461,E,,-36,-35,-32,-32,-28,-27,5.01-5.09,PEAR
1462,F,,-34,-34,-29,-29,-27,-27,5.01-5.09,PEAR
1463,G,,-34,-34,-30,-29,-27,-27,5.01-5.09,PEAR
1464,H,,-34,-34,-29,-29,-26,-26,5.01-5.09,PEAR
1465,I,,-35,-35,-32,-31,-30,-28,5.01-5.09,PEAR
1466,J,,-36,-36,-34,-34,-32,-31,5.01-5.09,PEAR
1467,K,,-36,-36,-34,-34,-32,-31,5.01-5.09,PEAR
1468,L,,,,,,,,5.01-5.09,PEAR
1469,M,,,,,,,,5.01-5.09,PEAR
1470,D,-38,-38,-36,-35,-33,-33,-33,5.01-5.09,OVAL
1471,E,,-40,-39,-37,-35,-35,-33,5.01-5.09,OVAL
1472,F,,-40,-38,-37,-35,-33,-34,5.01-5.09,OVAL
1473,G,,-40,-37,-36,-36,-34,-34,5.01-5.09,OVAL
1474,H,,-39,-37,-36,-34,-33,-32,5.01-5.09,OVAL
1475,I,,-39,-37,-36,-34,-31,-31,5.01-5.09,OVAL
1476,J,,-35,-35,-33,-33,-30,-28,5.01-5.09,OVAL
1477,K,,-35,-35,-33,-33,-30,-28,5.01-5.09,OVAL
1478,L,,,,,,,,5.01-5.09,OVAL
1479,M,,,,,,,,5.01-5.09,OVAL
1480,D,-54,-50,-49,-46,-45,-48,-47,5.01-5.09,PRINCESS
1481,E,,-50,-49,-46,-45,-48,-47,5.01-5.09,PRINCESS
1482,F,,-49,-49,-46,-45,-48,-47,5.01-5.09,PRINCESS
1483,G,,-47,-47,-45,-45,-48,-47,5.01-5.09,PRINCESS
1484,H,,-47,-47,-45,-45,-48,-47,5.01-5.09,PRINCESS
1485,I,,-47,-47,-45,-45,-48,-47,5.01-5.09,PRINCESS
1486,J,,,,,,,,5.01-5.09,PRINCESS
1487,K,,,,,,,,5.01-5.09,PRINCESS
1488,L,,,,,,,,5.01-5.09,PRINCESS
1489,M,,,,,,,,5.01-5.09,PRINCESS
1490,D,-54,-50,-49,-46,-45,-48,-47,5.01-5.09,CUSHION
1491,E,,-50,-49,-46,-45,-48,-47,5.01-5.09,CUSHION
1492,F,,-49,-49,-46,-45,-48,-47,5.01-5.09,CUSHION
1493,G,,-47,-47,-45,-45,-48,-47,5.01-5.09,CUSHION
1494,H,,-47,-47,-45,-45,-48,-47,5.01-5.09,CUSHION
1495,I,,-47,-47,-45,-45,-48,-47,5.01-5.09,CUSHION
1496,J,,,,,,,,5.01-5.09,CUSHION
1497,K,,,,,,,,5.01-5.09,CUSHION
1498,L,,,,,,,,5.01-5.09,CUSHION
1499,M,,,,,,,,5.01-5.09,CUSHION
1500,D,-38,-38,-36,-35,-33,-33,-33,5.01-5.09,MARQUISE
1501,E,,-40,-39,-37,-35,-35,-33,5.01-5.09,MARQUISE
1502,F,,-40,-38,-37,-35,-33,-34,5.01-5.09,MARQUISE
1503,G,,-40,-37,-36,-36,-34,-34,5.01-5.09,MARQUISE
1504,H,,-39,-37,-36,-34,-33,-32,5.01-5.09,MARQUISE
1505,I,,-39,-37,-36,-34,-31,-31,5.01-5.09,MARQUISE
1506,J,,,,,,,,5.01-5.09,MARQUISE
1507,K,,,,,,,,5.01-5.09,MARQUISE
1508,L,,,,,,,,5.01-5.09,MARQUISE
1509,M,,,,,,,,5.01-5.09,MARQUISE
1510,D,-44,-45,-41,-39,-36,-39,-39,5.01-5.09,EMERALD
1511,E,,-46,-41,-39,-38,-43,-47,5.01-5.09,EMERALD
1512,F,,-38,-38,-38,-36,-43,-47,5.01-5.09,EMERALD
1513,G,,-38,-38,-38,-36,-41,-45,5.01-5.09,EMERALD
1514,H,,-39,-38,-36,-36,-41,-46,5.01-5.09,EMERALD
1515,I,,-39,-38,-37,-37,-40,-46,5.01-5.09,EMERALD
1516,J,,,,,,,,5.01-5.09,EMERALD
1517,K,,,,,,,,5.01-5.09,EMERALD
1518,L,,,,,,,,5.01-5.09,EMERALD
1519,M,,,,,,,,5.01-5.09,EMERALD
1520,D,-38,-38,-36,-35,-33,-33,-33,5.01-5.09,LONG RADIANT
1521,E,,-40,-39,-37,-35,-35,-33,5.01-5.09,LONG RADIANT
1522,F,,-40,-38,-37,-35,-33,-34,5.01-5.09,LONG RADIANT
1523,G,,-40,-37,-36,-36,-34,-34,5.01-5.09,LONG RADIANT
1524,H,,-39,-37,-36,-34,-33,-32,5.01-5.09,LONG RADIANT
1525,I,,-39,-37,-36,-34,-31,-31,5.01-5.09,LONG RADIANT
1526,J,,-35,-35,-33,-33,-30,-28,5.01-5.09,LONG RADIANT
1527,K,,-35,-35,-33,-33,-30,-28,5.01-5.09,LONG RADIANT
1528,L,,,,,,,,5.01-5.09,LONG RADIANT
1529,M,,,,,,,,5.01-5.09,LONG RADIANT
